#datatype measurement,tag,double,dateTime
m,ISIN,EUR,date
NAV,LU0625738058,164.98,1604016000
NAV,LU0625738058,161.84,1603929600
NAV,LU0625738058,161.45,1603843200
NAV,LU0625738058,160.39,1603670400
NAV,LU0625738058,160.57,1603411200
NAV,LU0625738058,160.66,1603324800
NAV,LU0625738058,160.78,1603238400
NAV,LU0625738058,159.93,1603152000
NAV,LU0625738058,161.36,1603065600
NAV,LU0625738058,159.01,1602806400
NAV,LU0625738058,161.12,1602720000
NAV,LU0625738058,160.53,1602547200
NAV,LU0625738058,156.71,1602460800
NAV,LU0625738058,156.69,1602201600
NAV,LU0625738058,155.79,1602115200
NAV,LU0625738058,153.92,1602028800
NAV,LU0625738058,152.07,1601942400
NAV,LU0625738058,152.65,1601510400
NAV,LU0625738058,149.27,1601424000
NAV,LU0625738058,150.25,1601337600
NAV,LU0625738058,149.63,1601251200
NAV,LU0625738058,149.82,1600992000
NAV,LU0625738058,152.19,1600905600
NAV,LU0625738058,152.00,1600819200
NAV,LU0625738058,152.20,1600732800
NAV,LU0625738058,152.32,1600646400
NAV,LU0625738058,152.46,1600387200
NAV,LU0625738058,152.97,1600300800
NAV,LU0625738058,152.95,1600214400
NAV,LU0625738058,151.36,1600128000
NAV,LU0625738058,149.39,1600041600
NAV,LU0625738058,147.78,1599782400
NAV,LU0625738058,149.11,1599696000
NAV,LU0625738058,150.67,1599609600
NAV,LU0625738058,152.24,1599523200
NAV,LU0625738058,154.45,1599436800
NAV,LU0625738058,155.24,1599177600
NAV,LU0625738058,157.97,1599091200
NAV,LU0625738058,156.88,1599004800
NAV,LU0625738058,153.34,1598918400
NAV,LU0625738058,157.04,1598832000
NAV,LU0625738058,157.91,1598572800
NAV,LU0625738058,157.75,1598486400
NAV,LU0625738058,156.00,1598400000
NAV,LU0625738058,155.69,1598313600
NAV,LU0625738058,152.49,1598227200
NAV,LU0625738058,149.21,1597968000
NAV,LU0625738058,149.59,1597881600
NAV,LU0625738058,150.43,1597795200
NAV,LU0625738058,150.10,1597708800
NAV,LU0625738058,147.87,1597622400
NAV,LU0625738058,147.74,1597363200
NAV,LU0625738058,149.27,1597276800
NAV,LU0625738058,148.12,1597190400
NAV,LU0625738058,147.95,1597104000
NAV,LU0625738058,149.74,1597017600
NAV,LU0625738058,153.27,1596758400
NAV,LU0625738058,152.27,1596672000
NAV,LU0625738058,152.29,1596585600
NAV,LU0625738058,150.19,1596499200
NAV,LU0625738058,146.90,1596412800
NAV,LU0625738058,147.16,1596153600
NAV,LU0625738058,147.99,1596067200
NAV,LU0625738058,147.77,1595980800
NAV,LU0625738058,145.04,1595894400
NAV,LU0625738058,147.49,1595808000
NAV,LU0625738058,152.26,1595548800
NAV,LU0625738058,151.26,1595462400
NAV,LU0625738058,155.36,1595376000
NAV,LU0625738058,152.61,1595289600
NAV,LU0625738058,150.87,1595203200
NAV,LU0625738058,148.48,1594944000
NAV,LU0625738058,155.13,1594857600
NAV,LU0625738058,154.89,1594771200
NAV,LU0625738058,157.38,1594684800
NAV,LU0625738058,159.52,1594598400
NAV,LU0625738058,162.45,1594339200
NAV,LU0625738058,158.46,1594252800
NAV,LU0625738058,153.90,1594166400
NAV,LU0625738058,154.79,1594080000
NAV,LU0625738058,148.78,1593993600
NAV,LU0625738058,146.83,1593734400
NAV,LU0625738058,141.44,1593561600
NAV,LU0625738058,140.55,1593475200
NAV,LU0625738058,142.00,1593388800
NAV,LU0625738058,143.57,1593043200
NAV,LU0625738058,141.74,1592870400
NAV,LU0625738058,141.89,1592784000
NAV,LU0625738058,140.64,1592524800
NAV,LU0625738058,140.54,1592438400
NAV,LU0625738058,139.36,1592352000
NAV,LU0625738058,135.57,1592265600
NAV,LU0625738058,137.34,1592179200
NAV,LU0625738058,135.64,1591920000
NAV,LU0625738058,138.86,1591833600
NAV,LU0625738058,137.42,1591747200
NAV,LU0625738058,136.64,1591660800
NAV,LU0625738058,137.04,1591574400
NAV,LU0625738058,136.07,1591315200
NAV,LU0625738058,136.82,1591228800
NAV,LU0625738058,135.97,1591142400
NAV,LU0625738058,131.72,1590969600
NAV,LU0625738058,129.94,1590710400
NAV,LU0625738058,132.05,1590624000
NAV,LU0625738058,133.52,1590537600
NAV,LU0625738058,132.21,1590451200
NAV,LU0625738058,131.48,1590364800
NAV,LU0625738058,138.05,1590019200
NAV,LU0625738058,138.49,1589932800
NAV,LU0625738058,137.24,1589846400
NAV,LU0625738058,135.91,1589760000
NAV,LU0625738058,135.84,1589500800
NAV,LU0625738058,136.21,1589414400
NAV,LU0625738058,135.11,1589328000
NAV,LU0625738058,137.18,1589241600
NAV,LU0625738058,135.47,1589155200
NAV,LU0625738058,134.07,1588896000
NAV,LU0625738058,133.73,1588809600
NAV,LU0625738058,131.41,1588723200
NAV,LU0625738058,129.51,1588636800
NAV,LU0625738058,136.17,1588204800
NAV,LU0625738058,134.85,1588118400
NAV,LU0625738058,134.31,1588032000
NAV,LU0625738058,132.60,1587945600
NAV,LU0625738058,132.82,1587686400
NAV,LU0625738058,133.90,1587600000
NAV,LU0625738058,131.98,1587513600
NAV,LU0625738058,134.38,1587427200
NAV,LU0625738058,133.80,1587340800
NAV,LU0625738058,133.48,1587081600
NAV,LU0625738058,131.79,1586995200
NAV,LU0625738058,131.42,1586908800
NAV,LU0625738058,130.02,1586476800
NAV,LU0625738058,129.47,1586390400
NAV,LU0625738058,130.82,1586304000
NAV,LU0625738058,129.58,1586217600
NAV,LU0625738058,126.49,1586131200
NAV,LU0625738058,126.61,1585872000
NAV,LU0625738058,124.40,1585785600
NAV,LU0625738058,126.37,1585699200
NAV,LU0625738058,123.43,1585612800
NAV,LU0625738058,124.00,1585526400
NAV,LU0625738058,125.39,1585267200
NAV,LU0625738058,126.78,1585180800
NAV,LU0625738058,122.74,1585094400
NAV,LU0625738058,117.76,1585008000
NAV,LU0625738058,122.69,1584921600
NAV,LU0625738058,118.01,1584662400
NAV,LU0625738058,117.76,1584576000
NAV,LU0625738058,121.14,1584489600
NAV,LU0625738058,117.64,1584403200
NAV,LU0625738058,126.46,1584316800
NAV,LU0625738058,125.71,1584057600
NAV,LU0625738058,129.47,1583971200
NAV,LU0625738058,130.12,1583884800
NAV,LU0625738058,127.05,1583798400
NAV,LU0625738058,134.09,1583712000
NAV,LU0625738058,138.28,1583452800
NAV,LU0625738058,137.47,1583366400
NAV,LU0625738058,135.66,1583280000
NAV,LU0625738058,135.80,1583193600
NAV,LU0625738058,134.66,1583107200
NAV,LU0625738058,137.42,1582848000
NAV,LU0625738058,139.10,1582761600
NAV,LU0625738058,139.59,1582675200
NAV,LU0625738058,139.33,1582588800
NAV,LU0625738058,142.48,1582502400
NAV,LU0625738058,145.14,1582243200
NAV,LU0625738058,145.83,1582156800
NAV,LU0625738058,144.33,1582070400
NAV,LU0625738058,145.60,1581984000
NAV,LU0625738058,144.29,1581897600
NAV,LU0625738058,144.83,1581638400
NAV,LU0625738058,144.78,1581552000
NAV,LU0625738058,141.94,1581465600
NAV,LU0625738058,140.75,1581379200
NAV,LU0625738058,140.41,1581292800
NAV,LU0625738058,140.61,1581033600
NAV,LU0625738058,137.61,1580947200
NAV,LU0625738058,137.02,1580860800
NAV,LU0625738058,132.96,1580774400
NAV,LU0625738058,132.46,1580688000
NAV,LU0625738058,134.02,1580428800
NAV,LU0625738058,137.47,1580342400
NAV,LU0625738058,140.38,1580083200
NAV,LU0625738058,141.00,1579824000
NAV,LU0625738058,143.69,1579737600
NAV,LU0625738058,141.22,1579651200
NAV,LU0625738058,145.63,1579564800
NAV,LU0625738058,146.70,1579478400
NAV,LU0625738058,145.02,1579219200
NAV,LU0625738058,144.63,1579132800
NAV,LU0625738058,144.80,1579046400
NAV,LU0625738058,145.62,1578960000
NAV,LU0625738058,143.56,1578873600
NAV,LU0625738058,143.89,1578614400
NAV,LU0625738058,140.39,1578528000
NAV,LU0625738058,140.99,1578441600
NAV,LU0625738058,140.07,1578355200
NAV,LU0625738058,140.56,1578268800
NAV,LU0625738058,140.86,1578009600
NAV,LU0625738058,137.90,1577923200
NAV,LU0625738058,138.09,1577750400
NAV,LU0625738058,138.48,1577664000
NAV,LU0625738058,138.62,1577145600
NAV,LU0625738058,138.06,1577059200
NAV,LU0625738058,136.77,1576800000
NAV,LU0625738058,137.75,1576713600
NAV,LU0625738058,136.10,1576627200
NAV,LU0625738058,134.91,1576540800
NAV,LU0625738058,134.04,1576454400
NAV,LU0625738058,132.54,1576195200
NAV,LU0625738058,131.87,1576108800
NAV,LU0625738058,129.71,1576022400
NAV,LU0625738058,130.41,1575936000
NAV,LU0625738058,130.46,1575849600
NAV,LU0625738058,129.36,1575590400
NAV,LU0625738058,127.64,1575504000
NAV,LU0625738058,128.76,1575417600
NAV,LU0625738058,129.09,1575331200
NAV,LU0625738058,129.72,1575244800
NAV,LU0625738058,132.08,1574985600
NAV,LU0625738058,131.67,1574899200
NAV,LU0625738058,130.66,1574812800
NAV,LU0625738058,130.42,1574726400
NAV,LU0625738058,129.13,1574640000
NAV,LU0625738058,127.28,1574380800
NAV,LU0625738058,128.47,1574294400
NAV,LU0625738058,129.50,1574208000
NAV,LU0625738058,128.66,1574121600
NAV,LU0625738058,127.95,1574035200
NAV,LU0625738058,127.73,1573776000
NAV,LU0625738058,129.25,1573689600
NAV,LU0625738058,131.08,1573603200
NAV,LU0625738058,130.05,1573516800
NAV,LU0625738058,132.07,1573430400
NAV,LU0625738058,133.07,1573171200
NAV,LU0625738058,131.47,1573084800
NAV,LU0625738058,130.82,1572998400
NAV,LU0625738058,129.48,1572912000
NAV,LU0625738058,125.47,1572566400
NAV,LU0625738058,125.96,1572480000
NAV,LU0625738058,125.88,1572393600
NAV,LU0625738058,126.79,1572307200
NAV,LU0625738058,125.78,1572220800
NAV,LU0625738058,124.91,1571961600
NAV,LU0625738058,124.14,1571875200
NAV,LU0625738058,124.25,1571788800
NAV,LU0625738058,125.27,1571702400
NAV,LU0625738058,124.75,1571616000
NAV,LU0625738058,125.95,1571356800
NAV,LU0625738058,126.43,1571270400
NAV,LU0625738058,126.09,1571184000
NAV,LU0625738058,126.20,1571097600
NAV,LU0625738058,124.93,1571011200
NAV,LU0625738058,122.43,1570752000
NAV,LU0625738058,121.82,1570665600
NAV,LU0625738058,122.12,1570579200
NAV,LU0625738058,122.85,1570406400
NAV,LU0625738058,123.58,1570147200
NAV,LU0625738058,123.04,1570060800
NAV,LU0625738058,123.49,1569888000
NAV,LU0625738058,123.04,1569801600
NAV,LU0625738058,124.52,1569542400
NAV,LU0625738058,124.79,1569456000
NAV,LU0625738058,124.14,1569369600
NAV,LU0625738058,125.81,1569283200
NAV,LU0625738058,127.37,1569196800
NAV,LU0625738058,126.35,1568937600
NAV,LU0625738058,127.61,1568851200
NAV,LU0625738058,127.63,1568764800
NAV,LU0625738058,129.32,1568678400
NAV,LU0625738058,129.10,1568592000
NAV,LU0625738058,128.21,1568332800
NAV,LU0625738058,128.14,1568246400
NAV,LU0625738058,126.28,1568160000
NAV,LU0625738058,126.06,1568073600
NAV,LU0625738058,126.00,1567987200
NAV,LU0625738058,126.26,1567728000
NAV,LU0625738058,124.05,1567641600
NAV,LU0625738058,122.82,1567555200
NAV,LU0625738058,123.33,1567468800
NAV,LU0625738058,122.91,1567382400
NAV,LU0625738058,120.68,1567123200
NAV,LU0625738058,119.66,1567036800
NAV,LU0625738058,119.52,1566950400
NAV,LU0625738058,119.60,1566864000
NAV,LU0625738058,121.15,1566777600
NAV,LU0625738058,121.93,1566518400
NAV,LU0625738058,122.20,1566432000
NAV,LU0625738058,122.72,1566345600
NAV,LU0625738058,122.11,1566259200
NAV,LU0625738058,119.83,1566172800
NAV,LU0625738058,116.73,1565827200
NAV,LU0625738058,116.38,1565740800
NAV,LU0625738058,116.55,1565654400
NAV,LU0625738058,117.23,1565568000
NAV,LU0625738058,117.83,1565308800
NAV,LU0625738058,116.20,1565222400
NAV,LU0625738058,116.27,1565136000
NAV,LU0625738058,117.10,1565049600
NAV,LU0625738058,121.80,1564963200
NAV,LU0625738058,125.68,1564704000
NAV,LU0625738058,126.33,1564617600
NAV,LU0625738058,127.63,1564531200
NAV,LU0625738058,127.93,1564444800
NAV,LU0625738058,129.22,1564358400
NAV,LU0625738058,128.97,1564099200
NAV,LU0625738058,129.18,1564012800
NAV,LU0625738058,128.36,1563926400
NAV,LU0625738058,126.49,1563840000
NAV,LU0625738058,127.06,1563753600
NAV,LU0625738058,125.89,1563494400
NAV,LU0625738058,126.89,1563408000
NAV,LU0625738058,126.92,1563321600
NAV,LU0625738058,126.68,1563235200
NAV,LU0625738058,125.63,1563148800
NAV,LU0625738058,125.63,1562889600
NAV,LU0625738058,124.71,1562803200
NAV,LU0625738058,124.80,1562716800
NAV,LU0625738058,125.22,1562630400
NAV,LU0625738058,127.83,1562544000
NAV,LU0625738058,128.27,1562284800
NAV,LU0625738058,127.65,1562198400
NAV,LU0625738058,128.13,1562112000
NAV,LU0625738058,124.86,1561939200
NAV,LU0625738058,124.75,1561680000
NAV,LU0625738058,123.73,1561593600
NAV,LU0625738058,122.20,1561507200
NAV,LU0625738058,124.45,1561420800
NAV,LU0625738058,124.98,1561334400
NAV,LU0625738058,125.56,1561075200
NAV,LU0625738058,124.19,1560988800
NAV,LU0625738058,121.41,1560902400
NAV,LU0625738058,119.21,1560816000
NAV,LU0625738058,119.79,1560729600
NAV,LU0625738058,119.72,1560470400
NAV,LU0625738058,119.23,1560384000
NAV,LU0625738058,121.45,1560297600
NAV,LU0625738058,116.71,1559865600
NAV,LU0625738058,116.54,1559779200
NAV,LU0625738058,117.53,1559692800
NAV,LU0625738058,118.23,1559606400
NAV,LU0625738058,117.68,1559520000
NAV,LU0625738058,117.77,1559174400
NAV,LU0625738058,118.09,1559088000
NAV,LU0625738058,117.31,1559001600
NAV,LU0625738058,117.24,1558915200
NAV,LU0625738058,117.79,1558656000
NAV,LU0625738058,120.22,1558569600
NAV,LU0625738058,120.82,1558483200
NAV,LU0625738058,120.25,1558396800
NAV,LU0625738058,123.72,1558310400
NAV,LU0625738058,126.10,1558051200
NAV,LU0625738058,126.12,1557964800
NAV,LU0625738058,124.94,1557878400
NAV,LU0625738058,127.24,1557705600
NAV,LU0625738058,129.22,1557360000
NAV,LU0625738058,131.34,1557273600
NAV,LU0625738058,132.05,1557187200
NAV,LU0625738058,136.70,1557100800
NAV,LU0625738058,136.08,1556841600
NAV,LU0625738058,135.07,1556668800
NAV,LU0625738058,136.15,1556582400
NAV,LU0625738058,135.20,1556496000
NAV,LU0625738058,135.36,1556236800
NAV,LU0625738058,136.30,1556150400
NAV,LU0625738058,136.76,1556064000
NAV,LU0625738058,136.72,1555632000
NAV,LU0625738058,136.70,1555545600
NAV,LU0625738058,136.25,1555459200
NAV,LU0625738058,134.66,1555372800
NAV,LU0625738058,136.11,1555286400
NAV,LU0625738058,135.68,1555027200
NAV,LU0625738058,137.48,1554940800
NAV,LU0625738058,137.40,1554854400
NAV,LU0625738058,136.94,1554768000
NAV,LU0625738058,135.70,1554422400
NAV,LU0625738058,135.35,1554336000
NAV,LU0625738058,134.35,1554249600
NAV,LU0625738058,134.00,1554163200
NAV,LU0625738058,132.15,1554076800
NAV,LU0625738058,128.92,1553817600
NAV,LU0625738058,129.71,1553731200
NAV,LU0625738058,127.65,1553644800
NAV,LU0625738058,128.33,1553558400
NAV,LU0625738058,130.71,1553472000
NAV,LU0625738058,130.82,1553212800
NAV,LU0625738058,131.54,1553126400
NAV,LU0625738058,132.23,1553040000
NAV,LU0625738058,131.12,1552953600
NAV,LU0625738058,130.08,1552867200
NAV,LU0625738058,129.53,1552608000
NAV,LU0625738058,129.78,1552521600
NAV,LU0625738058,129.69,1552435200
NAV,LU0625738058,129.77,1552348800
NAV,LU0625738058,127.47,1552262400
NAV,LU0625738058,130.69,1552003200
NAV,LU0625738058,132.30,1551916800
NAV,LU0625738058,132.39,1551830400
NAV,LU0625738058,131.15,1551744000
NAV,LU0625738058,128.78,1551657600
NAV,LU0625738058,127.53,1551398400
NAV,LU0625738058,128.53,1551312000
NAV,LU0625738058,129.56,1551225600
NAV,LU0625738058,130.36,1551139200
NAV,LU0625738058,128.44,1551052800
NAV,LU0625738058,126.53,1550793600
NAV,LU0625738058,125.93,1550707200
NAV,LU0625738058,124.79,1550620800
NAV,LU0625738058,125.10,1550534400
NAV,LU0625738058,123.89,1550448000
NAV,LU0625738058,126.32,1550188800
NAV,LU0625738058,126.79,1550102400
NAV,LU0625738058,125.38,1550016000
NAV,LU0625738058,125.12,1549929600
NAV,LU0625738058,123.77,1549843200
NAV,LU0625738058,123.22,1549324800
NAV,LU0625738058,122.85,1549238400
NAV,LU0625738058,122.38,1548979200
NAV,LU0625738058,121.18,1548892800
NAV,LU0625738058,119.76,1548806400
NAV,LU0625738058,119.85,1548720000
NAV,LU0625738058,120.47,1548633600
NAV,LU0625738058,118.51,1548374400
NAV,LU0625738058,117.35,1548288000
NAV,LU0625738058,117.56,1548201600
NAV,LU0625738058,119.43,1548115200
NAV,LU0625738058,118.88,1548028800
NAV,LU0625738058,117.02,1547769600
NAV,LU0625738058,117.22,1547683200
NAV,LU0625738058,115.80,1547596800
NAV,LU0625738058,113.06,1547510400
NAV,LU0625738058,114.82,1547424000
NAV,LU0625738058,113.18,1547164800
NAV,LU0625738058,113.68,1547078400
NAV,LU0625738058,110.64,1546992000
NAV,LU0625738058,111.00,1546905600
NAV,LU0625738058,109.93,1546819200
NAV,LU0625738058,107.08,1546560000
NAV,LU0625738058,108.94,1546473600
NAV,LU0625738058,109.78,1546387200
NAV,LU0625738058,108.98,1546214400
NAV,LU0625738058,109.75,1545955200
NAV,LU0625738058,108.90,1545609600
NAV,LU0625738058,108.98,1545350400
NAV,LU0625738058,109.99,1545264000
NAV,LU0625738058,111.58,1545177600
NAV,LU0625738058,113.68,1545091200
NAV,LU0625738058,115.22,1545004800
NAV,LU0625738058,116.93,1544745600
NAV,LU0625738058,115.41,1544659200
NAV,LU0625738058,114.12,1544572800
NAV,LU0625738058,114.31,1544486400
NAV,LU0625738058,115.50,1544400000
NAV,LU0625738058,116.37,1544140800
NAV,LU0625738058,120.02,1544054400
NAV,LU0625738058,121.36,1543968000
NAV,LU0625738058,121.78,1543881600
NAV,LU0625738058,119.01,1543795200
NAV,LU0625738058,116.27,1543536000
NAV,LU0625738058,119.39,1543449600
NAV,LU0625738058,116.21,1543363200
NAV,LU0625738058,115.59,1543276800
NAV,LU0625738058,114.48,1543190400
NAV,LU0625738058,113.83,1542931200
NAV,LU0625738058,114.85,1542844800
NAV,LU0625738058,112.37,1542758400
NAV,LU0625738058,115.23,1542672000
NAV,LU0625738058,115.01,1542585600
NAV,LU0625738058,116.72,1542326400
NAV,LU0625738058,114.13,1542240000
NAV,LU0625738058,114.49,1542153600
NAV,LU0625738058,113.03,1542067200
NAV,LU0625738058,113.25,1541980800
NAV,LU0625738058,115.90,1541721600
NAV,LU0625738058,115.13,1541635200
NAV,LU0625738058,114.98,1541548800
NAV,LU0625738058,114.26,1541462400
NAV,LU0625738058,117.76,1541376000
NAV,LU0625738058,110.85,1541030400
NAV,LU0625738058,106.39,1540944000
NAV,LU0625738058,106.19,1540857600
NAV,LU0625738058,109.07,1540771200
NAV,LU0625738058,109.49,1540512000
NAV,LU0625738058,109.11,1540425600
NAV,LU0625738058,110.04,1540339200
NAV,LU0625738058,113.26,1540252800
NAV,LU0625738058,109.65,1540166400
NAV,LU0625738058,109.02,1539907200
NAV,LU0625738058,109.99,1539734400
NAV,LU0625738058,108.95,1539648000
NAV,LU0625738058,111.19,1539561600
NAV,LU0625738058,107.55,1539302400
NAV,LU0625738058,111.10,1539216000
NAV,LU0625738058,113.38,1539129600
NAV,LU0625738058,113.95,1539043200
NAV,LU0625738058,115.83,1538956800
NAV,LU0625738058,116.60,1538697600
NAV,LU0625738058,119.21,1538611200
NAV,LU0625738058,118.73,1538524800
NAV,LU0625738058,122.19,1538352000
NAV,LU0625738058,120.67,1538092800
NAV,LU0625738058,120.40,1538006400
NAV,LU0625738058,118.72,1537833600
NAV,LU0625738058,121.42,1537747200
NAV,LU0625738058,119.92,1537488000
NAV,LU0625738058,118.82,1537401600
NAV,LU0625738058,115.86,1537315200
NAV,LU0625738058,115.37,1537228800
NAV,LU0625738058,117.88,1537142400
NAV,LU0625738058,116.96,1536883200
NAV,LU0625738058,114.12,1536796800
NAV,LU0625738058,114.87,1536710400
NAV,LU0625738058,115.66,1536624000
NAV,LU0625738058,118.07,1536537600
NAV,LU0625738058,117.13,1536278400
NAV,LU0625738058,118.50,1536192000
NAV,LU0625738058,122.94,1536105600
NAV,LU0625738058,121.93,1536019200
NAV,LU0625738058,122.75,1535932800
NAV,LU0625738058,123.68,1535673600
NAV,LU0625738058,124.99,1535587200
NAV,LU0625738058,124.73,1535500800
NAV,LU0625738058,125.18,1535414400
NAV,LU0625738058,122.34,1535328000
NAV,LU0625738058,123.15,1535068800
NAV,LU0625738058,123.87,1534982400
NAV,LU0625738058,123.75,1534896000
NAV,LU0625738058,123.23,1534809600
NAV,LU0625738058,121.14,1534723200
NAV,LU0625738058,121.46,1534464000
NAV,LU0625738058,124.27,1534291200
NAV,LU0625738058,126.08,1534204800
NAV,LU0625738058,128.20,1534118400
NAV,LU0625738058,126.90,1533859200
NAV,LU0625738058,125.32,1533772800
NAV,LU0625738058,125.53,1533686400
NAV,LU0625738058,123.96,1533600000
NAV,LU0625738058,123.98,1533513600
NAV,LU0625738058,124.29,1533254400
NAV,LU0625738058,127.20,1533168000
NAV,LU0625738058,126.97,1533081600
NAV,LU0625738058,127.75,1532995200
NAV,LU0625738058,129.83,1532908800
NAV,LU0625738058,130.35,1532649600
NAV,LU0625738058,131.45,1532563200
NAV,LU0625738058,128.97,1532476800
NAV,LU0625738058,127.18,1532390400
NAV,LU0625738058,127.19,1532304000
NAV,LU0625738058,127.64,1532044800
NAV,LU0625738058,128.79,1531958400
NAV,LU0625738058,128.43,1531872000
NAV,LU0625738058,129.15,1531785600
NAV,LU0625738058,129.87,1531699200
NAV,LU0625738058,129.63,1531440000
NAV,LU0625738058,127.58,1531353600
NAV,LU0625738058,129.55,1531267200
NAV,LU0625738058,129.73,1531180800
NAV,LU0625738058,127.28,1531094400
NAV,LU0625738058,127.64,1530835200
NAV,LU0625738058,127.28,1530748800
NAV,LU0625738058,129.04,1530662400
NAV,LU0625738058,130.53,1530489600
NAV,LU0625738058,128.74,1530230400
NAV,LU0625738058,129.27,1530144000
NAV,LU0625738058,131.11,1530057600
NAV,LU0625738058,131.71,1529971200
NAV,LU0625738058,136.77,1529884800
NAV,LU0625738058,135.92,1529625600
NAV,LU0625738058,138.00,1529539200
NAV,LU0625738058,137.42,1529452800
NAV,LU0625738058,142.16,1529280000
NAV,LU0625738058,141.60,1529020800
NAV,LU0625738058,140.58,1528934400
NAV,LU0625738058,143.09,1528848000
NAV,LU0625738058,141.93,1528761600
NAV,LU0625738058,141.76,1528675200
NAV,LU0625738058,142.93,1528416000
NAV,LU0625738058,143.15,1528329600
NAV,LU0625738058,142.53,1528243200
NAV,LU0625738058,142.65,1528156800
NAV,LU0625738058,140.02,1528070400
NAV,LU0625738058,138.70,1527811200
NAV,LU0625738058,137.51,1527724800
NAV,LU0625738058,138.61,1527638400
NAV,LU0625738058,140.28,1527552000
NAV,LU0625738058,139.34,1527465600
NAV,LU0625738058,138.79,1527206400
NAV,LU0625738058,138.57,1527120000
NAV,LU0625738058,139.11,1526860800
NAV,LU0625738058,139.00,1526601600
NAV,LU0625738058,139.42,1526515200
NAV,LU0625738058,138.08,1526428800
NAV,LU0625738058,138.52,1526342400
NAV,LU0625738058,136.96,1526256000
NAV,LU0625738058,135.08,1525910400
NAV,LU0625738058,134.73,1525824000
NAV,LU0625738058,132.22,1525737600
NAV,LU0625738058,130.63,1525651200
NAV,LU0625738058,130.43,1525392000
NAV,LU0625738058,131.73,1525305600
NAV,LU0625738058,130.64,1525132800
NAV,LU0625738058,128.78,1525046400
NAV,LU0625738058,126.99,1524787200
NAV,LU0625738058,126.84,1524700800
NAV,LU0625738058,128.03,1524614400
NAV,LU0625738058,126.71,1524528000
NAV,LU0625738058,127.57,1524441600
NAV,LU0625738058,128.58,1524182400
NAV,LU0625738058,127.95,1524096000
NAV,LU0625738058,126.44,1524009600
NAV,LU0625738058,126.90,1523923200
NAV,LU0625738058,128.68,1523836800
NAV,LU0625738058,130.09,1523577600
NAV,LU0625738058,129.84,1523491200
NAV,LU0625738058,130.39,1523404800
NAV,LU0625738058,127.71,1523318400
NAV,LU0625738058,127.62,1523232000
NAV,LU0625738058,126.57,1522886400
NAV,LU0625738058,129.09,1522800000
NAV,LU0625738058,128.48,1522368000
NAV,LU0625738058,127.20,1522281600
NAV,LU0625738058,130.44,1522195200
NAV,LU0625738058,131.14,1522108800
NAV,LU0625738058,129.92,1522022400
NAV,LU0625738058,134.32,1521763200
NAV,LU0625738058,138.42,1521676800
NAV,LU0625738058,139.49,1521590400
NAV,LU0625738058,137.62,1521504000
NAV,LU0625738058,139.36,1521417600
NAV,LU0625738058,139.01,1521158400
NAV,LU0625738058,137.20,1521072000
NAV,LU0625738058,135.55,1520985600
NAV,LU0625738058,137.06,1520899200
NAV,LU0625738058,135.81,1520812800
NAV,LU0625738058,132.88,1520553600
NAV,LU0625738058,130.66,1520467200
NAV,LU0625738058,131.35,1520380800
NAV,LU0625738058,129.02,1520294400
NAV,LU0625738058,132.09,1520208000
NAV,LU0625738058,135.60,1519948800
NAV,LU0625738058,135.14,1519862400
NAV,LU0625738058,135.57,1519776000
NAV,LU0625738058,137.44,1519689600
NAV,LU0625738058,137.87,1519603200
NAV,LU0625738058,135.52,1519344000
NAV,LU0625738058,136.97,1519257600
NAV,LU0625738058,133.28,1519171200
NAV,LU0625738058,132.30,1518739200
NAV,LU0625738058,130.18,1518652800
NAV,LU0625738058,127.36,1518566400
NAV,LU0625738058,127.05,1518480000
NAV,LU0625738058,126.73,1518393600
NAV,LU0625738058,128.57,1518134400
NAV,LU0625738058,129.43,1518048000
NAV,LU0625738058,130.48,1517961600
NAV,LU0625738058,136.59,1517875200
NAV,LU0625738058,138.68,1517788800
NAV,LU0625738058,138.98,1517529600
NAV,LU0625738058,141.42,1517443200
NAV,LU0625738058,140.82,1517356800
NAV,LU0625738058,144.03,1517270400
NAV,LU0625738058,144.22,1517184000
NAV,LU0625738058,140.20,1516924800
NAV,LU0625738058,142.70,1516838400
NAV,LU0625738058,142.24,1516752000
NAV,LU0625738058,140.95,1516665600
NAV,LU0625738058,139.22,1516579200
NAV,LU0625738058,139.19,1516320000
NAV,LU0625738058,138.51,1516233600
NAV,LU0625738058,136.97,1516147200
NAV,LU0625738058,135.78,1516060800
NAV,LU0625738058,138.43,1515974400
NAV,LU0625738058,137.92,1515715200
NAV,LU0625738058,139.30,1515628800
NAV,LU0625738058,140.23,1515542400
NAV,LU0625738058,139.19,1515456000
NAV,LU0625738058,137.47,1515369600
NAV,LU0625738058,136.04,1515110400
NAV,LU0625738058,134.38,1515024000
NAV,LU0625738058,133.43,1514937600
NAV,LU0625738058,130.54,1514851200
NAV,LU0625738058,130.27,1514505600
NAV,LU0625738058,129.96,1514419200
NAV,LU0625738058,131.18,1514332800
NAV,LU0625738058,129.89,1513900800
NAV,LU0625738058,128.30,1513814400
NAV,LU0625738058,130.54,1513728000
NAV,LU0625738058,128.69,1513641600
NAV,LU0625738058,129.23,1513555200
NAV,LU0625738058,129.53,1513296000
NAV,LU0625738058,129.93,1513209600
NAV,LU0625738058,128.68,1513123200
NAV,LU0625738058,129.78,1513036800
NAV,LU0625738058,128.43,1512950400
NAV,LU0625738058,125.63,1512691200
NAV,LU0625738058,124.61,1512604800
NAV,LU0625738058,126.52,1512518400
NAV,LU0625738058,127.59,1512432000
NAV,LU0625738058,128.48,1512345600
NAV,LU0625738058,129.09,1512086400
NAV,LU0625738058,132.33,1512000000
NAV,LU0625738058,133.89,1511913600
NAV,LU0625738058,133.07,1511827200
NAV,LU0625738058,134.60,1511740800
NAV,LU0625738058,135.20,1511481600
NAV,LU0625738058,137.48,1511395200
NAV,LU0625738058,137.79,1511308800
NAV,LU0625738058,134.81,1511222400
NAV,LU0625738058,132.67,1511136000
NAV,LU0625738058,132.73,1510876800
NAV,LU0625738058,130.52,1510790400
NAV,LU0625738058,132.45,1510704000
NAV,LU0625738058,134.51,1510617600
NAV,LU0625738058,134.52,1510531200
NAV,LU0625738058,135.11,1510272000
NAV,LU0625738058,134.70,1510185600
NAV,LU0625738058,135.39,1510099200
NAV,LU0625738058,133.53,1510012800
NAV,LU0625738058,131.90,1509926400
NAV,LU0625738058,130.89,1509667200
NAV,LU0625738058,130.15,1509494400
NAV,LU0625738058,129.67,1509408000
NAV,LU0625738058,130.06,1509321600
NAV,LU0625738058,128.02,1509062400
NAV,LU0625738058,127.79,1508976000
NAV,LU0625738058,128.14,1508889600
NAV,LU0625738058,128.93,1508803200
NAV,LU0625738058,129.18,1508716800
NAV,LU0625738058,126.97,1508457600
NAV,LU0625738058,130.44,1508371200
NAV,LU0625738058,130.13,1508284800
NAV,LU0625738058,130.45,1508198400
NAV,LU0625738058,128.71,1508112000
NAV,LU0625738058,128.44,1507852800
NAV,LU0625738058,128.68,1507766400
NAV,LU0625738058,128.27,1507680000
NAV,LU0625738058,129.34,1507593600
NAV,LU0625738058,129.74,1507507200
NAV,LU0625738058,128.47,1507161600
NAV,LU0625738058,127.91,1507075200
NAV,LU0625738058,122.48,1506902400
NAV,LU0625738058,122.80,1506643200
NAV,LU0625738058,124.68,1506556800
NAV,LU0625738058,122.83,1506470400
NAV,LU0625738058,122.05,1506384000
NAV,LU0625738058,124.41,1506297600
NAV,LU0625738058,125.77,1506038400
NAV,LU0625738058,125.12,1505952000
NAV,LU0625738058,124.88,1505865600
NAV,LU0625738058,125.30,1505779200
NAV,LU0625738058,123.04,1505692800
NAV,LU0625738058,123.94,1505433600
NAV,LU0625738058,123.76,1505347200
NAV,LU0625738058,121.91,1505260800
NAV,LU0625738058,120.87,1505174400
NAV,LU0625738058,118.74,1505088000
NAV,LU0625738058,119.83,1504828800
NAV,LU0625738058,119.91,1504742400
NAV,LU0625738058,119.35,1504656000
NAV,LU0625738058,120.53,1504569600
NAV,LU0625738058,121.63,1504483200
NAV,LU0625738058,121.57,1504224000
NAV,LU0625738058,121.20,1504137600
NAV,LU0625738058,118.50,1504051200
NAV,LU0625738058,119.44,1503964800
NAV,LU0625738058,121.01,1503878400
NAV,LU0625738058,121.31,1503619200
NAV,LU0625738058,120.54,1503532800
NAV,LU0625738058,120.88,1503446400
NAV,LU0625738058,118.93,1503360000
NAV,LU0625738058,118.58,1503273600
NAV,LU0625738058,119.16,1503014400
NAV,LU0625738058,119.34,1502928000
NAV,LU0625738058,117.55,1502755200
NAV,LU0625738058,115.60,1502668800
NAV,LU0625738058,118.31,1502409600
NAV,LU0625738058,120.63,1502323200
NAV,LU0625738058,119.85,1502236800
NAV,LU0625738058,119.36,1502150400
NAV,LU0625738058,118.19,1502064000
NAV,LU0625738058,116.47,1501804800
NAV,LU0625738058,116.95,1501718400
NAV,LU0625738058,117.88,1501632000
NAV,LU0625738058,117.68,1501545600
NAV,LU0625738058,117.21,1501459200
NAV,LU0625738058,118.04,1501200000
NAV,LU0625738058,117.81,1501113600
NAV,LU0625738058,116.61,1501027200
NAV,LU0625738058,117.18,1500940800
NAV,LU0625738058,116.15,1500854400
NAV,LU0625738058,116.65,1500595200
NAV,LU0625738058,117.87,1500508800
NAV,LU0625738058,115.84,1500422400
NAV,LU0625738058,116.38,1500336000
NAV,LU0625738058,115.50,1500249600
NAV,LU0625738058,116.08,1499990400
NAV,LU0625738058,114.64,1499904000
NAV,LU0625738058,112.51,1499817600
NAV,LU0625738058,111.72,1499731200
NAV,LU0625738058,111.21,1499644800
NAV,LU0625738058,111.57,1499385600
NAV,LU0625738058,111.91,1499299200
NAV,LU0625738058,111.50,1499212800
NAV,LU0625738058,112.80,1499126400
NAV,LU0625738058,111.81,1499040000
NAV,LU0625738058,112.23,1498780800
NAV,LU0625738058,112.82,1498694400
NAV,LU0625738058,113.94,1498608000
NAV,LU0625738058,115.21,1498521600
NAV,LU0625738058,114.63,1498176000
NAV,LU0625738058,114.52,1498089600
NAV,LU0625738058,114.24,1498003200
NAV,LU0625738058,114.12,1497916800
NAV,LU0625738058,111.81,1497830400
NAV,LU0625738058,112.10,1497571200
NAV,LU0625738058,112.34,1497484800
NAV,LU0625738058,113.02,1497398400
NAV,LU0625738058,112.93,1497312000
NAV,LU0625738058,113.46,1497225600
NAV,LU0625738058,115.08,1496966400
NAV,LU0625738058,112.80,1496880000
NAV,LU0625738058,112.20,1496793600
NAV,LU0625738058,111.71,1496620800
NAV,LU0625738058,111.93,1496361600
NAV,LU0625738058,109.97,1496275200
NAV,LU0625738058,112.02,1496102400
NAV,LU0625738058,111.76,1496016000
NAV,LU0625738058,110.88,1495670400
NAV,LU0625738058,109.57,1495584000
NAV,LU0625738058,109.76,1495497600
NAV,LU0625738058,108.79,1495411200
NAV,LU0625738058,108.37,1495152000
NAV,LU0625738058,109.44,1495065600
NAV,LU0625738058,110.87,1494979200
NAV,LU0625738058,110.25,1494892800
NAV,LU0625738058,110.89,1494806400
NAV,LU0625738058,110.25,1494547200
NAV,LU0625738058,109.90,1494460800
NAV,LU0625738058,109.03,1494374400
NAV,LU0625738058,106.89,1494288000
NAV,LU0625738058,105.60,1494201600
NAV,LU0625738058,107.66,1493942400
NAV,LU0625738058,109.17,1493769600
NAV,LU0625738058,108.84,1493596800
NAV,LU0625738058,109.47,1493337600
NAV,LU0625738058,109.41,1493251200
NAV,LU0625738058,108.97,1493164800
NAV,LU0625738058,108.05,1493078400
NAV,LU0625738058,109.34,1492992000
NAV,LU0625738058,107.61,1492732800
NAV,LU0625738058,107.77,1492646400
NAV,LU0625738058,107.99,1492560000
NAV,LU0625738058,109.71,1492128000
NAV,LU0625738058,109.92,1492041600
NAV,LU0625738058,109.03,1491955200
NAV,LU0625738058,110.21,1491868800
NAV,LU0625738058,109.97,1491782400
NAV,LU0625738058,109.43,1491523200
NAV,LU0625738058,109.70,1491436800
NAV,LU0625738058,109.35,1491264000
NAV,LU0625738058,108.02,1491177600
NAV,LU0625738058,107.49,1490918400
NAV,LU0625738058,108.94,1490832000
NAV,LU0625738058,107.47,1490745600
NAV,LU0625738058,106.70,1490659200
NAV,LU0625738058,108.32,1490572800
NAV,LU0625738058,108.46,1490313600
NAV,LU0625738058,108.14,1490227200
NAV,LU0625738058,109.06,1490140800
NAV,LU0625738058,108.97,1490054400
NAV,LU0625738058,108.90,1489968000
NAV,LU0625738058,108.83,1489708800
NAV,LU0625738058,107.54,1489622400
NAV,LU0625738058,106.80,1489536000
NAV,LU0625738058,106.55,1489449600
NAV,LU0625738058,104.89,1489363200
NAV,LU0625738058,106.33,1489104000
NAV,LU0625738058,107.88,1489017600
NAV,LU0625738058,107.06,1488931200
NAV,LU0625738058,106.32,1488844800
NAV,LU0625738058,106.49,1488758400
NAV,LU0625738058,107.37,1488499200
NAV,LU0625738058,106.59,1488412800
NAV,LU0625738058,105.67,1488326400
NAV,LU0625738058,107.21,1488240000
NAV,LU0625738058,108.13,1488153600
NAV,LU0625738058,108.97,1487894400
NAV,LU0625738058,110.01,1487808000
NAV,LU0625738058,108.48,1487721600
NAV,LU0625738058,107.78,1487635200
NAV,LU0625738058,107.09,1487548800
NAV,LU0625738058,107.44,1487289600
NAV,LU0625738058,107.72,1487203200
NAV,LU0625738058,105.78,1487116800
NAV,LU0625738058,105.84,1487030400
NAV,LU0625738058,104.64,1486944000
NAV,LU0625738058,104.22,1486684800
NAV,LU0625738058,103.22,1486598400
NAV,LU0625738058,102.32,1486512000
NAV,LU0625738058,102.63,1486425600
NAV,LU0625738058,100.95,1486339200
NAV,LU0625738058,100.80,1486080000
NAV,LU0625738058,101.70,1485993600
NAV,LU0625738058,100.83,1485907200
NAV,LU0625738058,102.28,1485734400
NAV,LU0625738058,102.69,1485475200
NAV,LU0625738058,101.49,1485388800
NAV,LU0625738058,100.08,1485302400
NAV,LU0625738058,99.43,1485216000
NAV,LU0625738058,100.36,1485129600
NAV,LU0625738058,101.72,1484870400
NAV,LU0625738058,100.21,1484784000
NAV,LU0625738058,99.42,1484697600
NAV,LU0625738058,99.69,1484611200
NAV,LU0625738058,101.24,1484524800
NAV,LU0625738058,99.73,1484265600
NAV,LU0625738058,101.92,1484179200
NAV,LU0625738058,100.16,1484092800
NAV,LU0625738058,100.29,1484006400
NAV,LU0625738058,99.01,1483920000
NAV,LU0625738058,98.83,1483660800
NAV,LU0625738058,98.00,1483574400
NAV,LU0625738058,98.41,1483488000
NAV,LU0625738058,97.25,1483315200
NAV,LU0625738058,96.30,1483056000
NAV,LU0625738058,96.72,1482969600
NAV,LU0625738058,94.86,1482796800
NAV,LU0625738058,95.04,1482451200
NAV,LU0625738058,96.52,1482364800
NAV,LU0625738058,96.76,1482278400
NAV,LU0625738058,96.43,1482192000
NAV,LU0625738058,97.46,1482105600
NAV,LU0625738058,97.61,1481846400
NAV,LU0625738058,97.46,1481760000
NAV,LU0625738058,97.88,1481673600
NAV,LU0625738058,97.74,1481587200
NAV,LU0625738058,100.51,1481500800
NAV,LU0625738058,100.62,1481241600
NAV,LU0625738058,98.52,1481155200
NAV,LU0625738058,98.28,1481068800
NAV,LU0625738058,97.34,1480982400
NAV,LU0625738058,98.73,1480896000
NAV,LU0625738058,100.69,1480636800
NAV,LU0625738058,100.85,1480550400
NAV,LU0625738058,100.99,1480464000
NAV,LU0625738058,100.66,1480377600
NAV,LU0625738058,99.67,1480291200
NAV,LU0625738058,99.37,1480032000
NAV,LU0625738058,99.86,1479945600
NAV,LU0625738058,99.48,1479859200
NAV,LU0625738058,98.05,1479772800
NAV,LU0625738058,98.17,1479686400
NAV,LU0625738058,97.95,1479427200
NAV,LU0625738058,97.91,1479340800
NAV,LU0625738058,96.18,1479254400
NAV,LU0625738058,95.41,1479168000
NAV,LU0625738058,96.00,1479081600
NAV,LU0625738058,98.23,1478822400
NAV,LU0625738058,96.98,1478736000
NAV,LU0625738058,97.52,1478649600
NAV,LU0625738058,97.07,1478563200
NAV,LU0625738058,94.91,1478476800
NAV,LU0625738058,96.05,1478217600
NAV,LU0625738058,96.38,1478131200
NAV,LU0625738058,98.86,1477958400
NAV,LU0625738058,98.71,1477872000
NAV,LU0625738058,100.35,1477612800
NAV,LU0625738058,101.12,1477526400
NAV,LU0625738058,102.94,1477440000
NAV,LU0625738058,103.02,1477353600
NAV,LU0625738058,102.16,1477267200
NAV,LU0625738058,100.76,1477008000
NAV,LU0625738058,100.99,1476921600
NAV,LU0625738058,101.15,1476835200
NAV,LU0625738058,99.10,1476748800
NAV,LU0625738058,99.46,1476662400
NAV,LU0625738058,99.17,1476403200
NAV,LU0625738058,100.85,1476316800
NAV,LU0625738058,101.24,1476230400
NAV,LU0625738058,101.12,1476057600
NAV,LU0625738058,101.78,1475798400
NAV,LU0625738058,100.89,1475712000
NAV,LU0625738058,100.73,1475625600
NAV,LU0625738058,99.61,1475539200
NAV,LU0625738058,98.40,1475452800
NAV,LU0625738058,100.15,1475193600
NAV,LU0625738058,100.49,1475107200
NAV,LU0625738058,100.46,1475020800
NAV,LU0625738058,98.73,1474934400
NAV,LU0625738058,101.00,1474848000
NAV,LU0625738058,101.33,1474588800
NAV,LU0625738058,100.42,1474502400
NAV,LU0625738058,99.44,1474416000
NAV,LU0625738058,98.67,1474329600
NAV,LU0625738058,98.20,1473984000
NAV,LU0625738058,97.56,1473897600
NAV,LU0625738058,97.47,1473811200
NAV,LU0625738058,97.90,1473724800
NAV,LU0625738058,100.60,1473638400
NAV,LU0625738058,100.33,1473379200
NAV,LU0625738058,100.11,1473292800
NAV,LU0625738058,99.75,1473206400
NAV,LU0625738058,99.55,1473120000
NAV,LU0625738058,97.87,1473033600
NAV,LU0625738058,96.97,1472774400
NAV,LU0625738058,96.14,1472688000
NAV,LU0625738058,97.53,1472601600
NAV,LU0625738058,96.47,1472515200
NAV,LU0625738058,95.58,1472428800
NAV,LU0625738058,94.96,1472169600
NAV,LU0625738058,95.48,1472083200
NAV,LU0625738058,95.71,1471996800
NAV,LU0625738058,95.94,1471910400
NAV,LU0625738058,96.15,1471824000
NAV,LU0625738058,95.41,1471564800
NAV,LU0625738058,95.35,1471478400
NAV,LU0625738058,96.31,1471392000
NAV,LU0625738058,96.71,1471305600
NAV,LU0625738058,94.31,1470960000
NAV,LU0625738058,93.33,1470873600
NAV,LU0625738058,93.03,1470787200
NAV,LU0625738058,92.84,1470700800
NAV,LU0625738058,91.91,1470614400
NAV,LU0625738058,90.53,1470355200
NAV,LU0625738058,89.54,1470268800
NAV,LU0625738058,90.62,1470182400
NAV,LU0625738058,90.50,1470096000
NAV,LU0625738058,89.98,1470009600
NAV,LU0625738058,91.84,1469750400
NAV,LU0625738058,93.11,1469664000
NAV,LU0625738058,92.12,1469577600
NAV,LU0625738058,92.21,1469491200
NAV,LU0625738058,92.53,1469404800
NAV,LU0625738058,92.62,1469145600
NAV,LU0625738058,92.14,1469059200
NAV,LU0625738058,90.65,1468972800
NAV,LU0625738058,91.64,1468886400
NAV,LU0625738058,90.75,1468800000
NAV,LU0625738058,89.96,1468540800
NAV,LU0625738058,89.42,1468454400
NAV,LU0625738058,89.16,1468368000
NAV,LU0625738058,88.28,1468281600
NAV,LU0625738058,86.54,1468195200
NAV,LU0625738058,86.69,1467936000
NAV,LU0625738058,85.67,1467849600
NAV,LU0625738058,86.86,1467763200
NAV,LU0625738058,87.42,1467676800
NAV,LU0625738058,87.25,1467331200
NAV,LU0625738058,85.96,1467244800
NAV,LU0625738058,84.98,1467158400
NAV,LU0625738058,84.62,1467072000
NAV,LU0625738058,84.61,1466985600
NAV,LU0625738058,85.02,1466726400
NAV,LU0625738058,84.22,1466553600
NAV,LU0625738058,82.75,1466467200
NAV,LU0625738058,82.83,1466380800
NAV,LU0625738058,82.77,1466121600
NAV,LU0625738058,83.96,1466035200
NAV,LU0625738058,82.94,1465948800
NAV,LU0625738058,82.39,1465862400
NAV,LU0625738058,84.79,1465776000
NAV,LU0625738058,85.73,1465430400
NAV,LU0625738058,86.31,1465344000
NAV,LU0625738058,85.08,1465257600
NAV,LU0625738058,84.61,1465171200
NAV,LU0625738058,85.24,1464912000
NAV,LU0625738058,85.20,1464825600
NAV,LU0625738058,86.57,1464739200
NAV,LU0625738058,85.09,1464652800
NAV,LU0625738058,85.20,1464566400
NAV,LU0625738058,83.58,1464307200
NAV,LU0625738058,83.75,1464220800
NAV,LU0625738058,81.82,1464134400
NAV,LU0625738058,81.29,1464048000
NAV,LU0625738058,81.75,1463961600
NAV,LU0625738058,81.22,1463702400
NAV,LU0625738058,80.95,1463616000
NAV,LU0625738058,81.93,1463529600
NAV,LU0625738058,81.31,1463443200
NAV,LU0625738058,80.10,1463097600
NAV,LU0625738058,80.69,1463011200
NAV,LU0625738058,81.55,1462924800
NAV,LU0625738058,81.25,1462838400
NAV,LU0625738058,80.68,1462752000
NAV,LU0625738058,82.71,1462492800
NAV,LU0625738058,82.64,1462320000
NAV,LU0625738058,84.18,1462147200
NAV,LU0625738058,86.84,1461888000
NAV,LU0625738058,86.11,1461801600
NAV,LU0625738058,87.04,1461715200
NAV,LU0625738058,87.23,1461628800
NAV,LU0625738058,88.53,1461542400
NAV,LU0625738058,89.06,1461283200
NAV,LU0625738058,86.88,1461196800
NAV,LU0625738058,87.69,1461110400
NAV,LU0625738058,87.94,1461024000
NAV,LU0625738058,88.87,1460937600
NAV,LU0625738058,88.55,1460678400
NAV,LU0625738058,88.72,1460592000
NAV,LU0625738058,85.24,1460505600
NAV,LU0625738058,83.72,1460419200
NAV,LU0625738058,83.67,1460332800
NAV,LU0625738058,83.91,1460073600
NAV,LU0625738058,83.73,1459987200
NAV,LU0625738058,83.40,1459900800
NAV,LU0625738058,84.21,1459728000
NAV,LU0625738058,85.18,1459468800
NAV,LU0625738058,85.53,1459382400
NAV,LU0625738058,84.39,1459296000
NAV,LU0625738058,84.36,1459209600
NAV,LU0625738058,86.03,1458777600
NAV,LU0625738058,86.05,1458691200
NAV,LU0625738058,85.20,1458604800
NAV,LU0625738058,84.93,1458518400
NAV,LU0625738058,83.14,1458259200
NAV,LU0625738058,83.90,1458172800
NAV,LU0625738058,83.48,1458086400
NAV,LU0625738058,85.18,1458000000
NAV,LU0625738058,83.38,1457913600
NAV,LU0625738058,81.62,1457654400
NAV,LU0625738058,83.56,1457568000
NAV,LU0625738058,83.63,1457481600
NAV,LU0625738058,85.08,1457395200
NAV,LU0625738058,84.54,1457308800
NAV,LU0625738058,83.11,1457049600
NAV,LU0625738058,84.65,1456963200
NAV,LU0625738058,81.36,1456876800
NAV,LU0625738058,79.98,1456790400
NAV,LU0625738058,80.56,1456704000
NAV,LU0625738058,77.98,1456444800
NAV,LU0625738058,80.08,1456358400
NAV,LU0625738058,80.53,1456272000
NAV,LU0625738058,81.41,1456185600
NAV,LU0625738058,79.98,1456099200
NAV,LU0625738058,79.45,1455840000
NAV,LU0625738058,77.58,1455753600
NAV,LU0625738058,77.78,1455667200
NAV,LU0625738058,76.15,1455580800
NAV,LU0625738058,72.90,1455494400
NAV,LU0625738058,73.01,1455235200
NAV,LU0625738058,78.33,1454889600
NAV,LU0625738058,78.15,1454630400
NAV,LU0625738058,77.38,1454544000
NAV,LU0625738058,81.01,1454457600
NAV,LU0625738058,81.27,1454371200
NAV,LU0625738058,82.74,1454284800
NAV,LU0625738058,79.14,1454025600
NAV,LU0625738058,79.95,1453939200
NAV,LU0625738058,79.11,1453852800
NAV,LU0625738058,82.11,1453766400
NAV,LU0625738058,80.52,1453680000
NAV,LU0625738058,78.39,1453420800
NAV,LU0625738058,78.56,1453334400
NAV,LU0625738058,81.64,1453248000
NAV,LU0625738058,79.84,1453161600
NAV,LU0625738058,80.06,1453075200
NAV,LU0625738058,82.85,1452816000
NAV,LU0625738058,83.09,1452729600
NAV,LU0625738058,82.92,1452643200
NAV,LU0625738058,83.13,1452556800
NAV,LU0625738058,86.31,1452470400
NAV,LU0625738058,86.41,1452211200
NAV,LU0625738058,90.17,1452124800
NAV,LU0625738058,91.13,1452038400
NAV,LU0625738058,91.67,1451952000
NAV,LU0625738058,94.10,1451865600
NAV,LU0625738058,93.42,1451520000
NAV,LU0625738058,94.00,1451433600
NAV,LU0625738058,93.57,1451347200
NAV,LU0625738058,95.15,1451260800
NAV,LU0625738058,93.39,1450828800
NAV,LU0625738058,94.03,1450742400
NAV,LU0625738058,93.79,1450656000
NAV,LU0625738058,94.54,1450396800
NAV,LU0625738058,93.06,1450310400
NAV,LU0625738058,92.22,1450224000
NAV,LU0625738058,90.85,1450137600
NAV,LU0625738058,91.05,1450051200
NAV,LU0625738058,93.56,1449792000
NAV,LU0625738058,93.65,1449705600
NAV,LU0625738058,95.44,1449619200
NAV,LU0625738058,95.96,1449532800
NAV,LU0625738058,95.83,1449446400
NAV,LU0625738058,96.93,1449187200
NAV,LU0625738058,100.06,1449100800
NAV,LU0625738058,99.14,1449014400
NAV,LU0625738058,98.90,1448928000
NAV,LU0625738058,98.10,1448841600
NAV,LU0625738058,100.07,1448582400
NAV,LU0625738058,100.53,1448496000
NAV,LU0625738058,100.47,1448409600
NAV,LU0625738058,101.83,1448323200
NAV,LU0625738058,101.76,1448236800
NAV,LU0625738058,99.35,1447977600
NAV,LU0625738058,99.62,1447891200
NAV,LU0625738058,98.84,1447804800
NAV,LU0625738058,97.26,1447718400
NAV,LU0625738058,99.72,1447632000
NAV,LU0625738058,101.57,1447372800
NAV,LU0625738058,99.85,1447286400
NAV,LU0625738058,99.71,1447200000
NAV,LU0625738058,101.72,1447113600
NAV,LU0625738058,101.79,1447027200
NAV,LU0625738058,101.05,1446768000
NAV,LU0625738058,101.71,1446681600
NAV,LU0625738058,97.74,1446595200
NAV,LU0625738058,97.08,1446508800
NAV,LU0625738058,97.97,1446422400
NAV,LU0625738058,99.08,1446163200
NAV,LU0625738058,99.01,1446076800
NAV,LU0625738058,99.48,1445990400
NAV,LU0625738058,100.08,1445904000
NAV,LU0625738058,99.74,1445817600
NAV,LU0625738058,98.17,1445558400
NAV,LU0625738058,97.31,1445385600
NAV,LU0625738058,97.86,1445299200
NAV,LU0625738058,96.86,1445212800
NAV,LU0625738058,96.26,1444953600
NAV,LU0625738058,93.93,1444867200
NAV,LU0625738058,95.41,1444780800
NAV,LU0625738058,96.07,1444694400
NAV,LU0625738058,94.09,1444608000
NAV,LU0625738058,94.03,1444348800
NAV,LU0625738058,96.45,1444262400
NAV,LU0625738058,92.68,1444176000
NAV,LU0625738058,93.10,1444089600
NAV,LU0625738058,91.12,1444003200
NAV,LU0625738058,89.05,1443657600
NAV,LU0625738058,86.19,1443571200
NAV,LU0625738058,89.23,1443398400
NAV,LU0625738058,88.86,1443139200
NAV,LU0625738058,90.17,1443052800
NAV,LU0625738058,93.00,1442966400
NAV,LU0625738058,92.44,1442880000
NAV,LU0625738058,91.33,1442793600
NAV,LU0625738058,90.72,1442534400
NAV,LU0625738058,90.81,1442448000
NAV,LU0625738058,88.90,1442361600
NAV,LU0625738058,89.74,1442275200
NAV,LU0625738058,89.75,1442188800
NAV,LU0625738058,90.60,1441929600
NAV,LU0625738058,92.14,1441843200
NAV,LU0625738058,89.07,1441756800
NAV,LU0625738058,85.50,1441670400
NAV,LU0625738058,86.44,1441584000
NAV,LU0625738058,86.75,1441238400
NAV,LU0625738058,87.55,1441152000
NAV,LU0625738058,90.58,1441065600
NAV,LU0625738058,89.68,1440979200
NAV,LU0625738058,90.32,1440720000
NAV,LU0625738058,84.59,1440633600
NAV,LU0625738058,85.40,1440547200
NAV,LU0625738058,84.13,1440460800
NAV,LU0625738058,91.72,1440374400
NAV,LU0625738058,94.44,1440115200
NAV,LU0625738058,97.83,1440028800
NAV,LU0625738058,99.03,1439942400
NAV,LU0625738058,100.35,1439856000
NAV,LU0625738058,100.62,1439769600
NAV,LU0625738058,100.58,1439510400
NAV,LU0625738058,99.73,1439424000
NAV,LU0625738058,103.05,1439337600
NAV,LU0625738058,103.96,1439251200
NAV,LU0625738058,103.47,1439164800
NAV,LU0625738058,102.75,1438905600
NAV,LU0625738058,103.67,1438819200
NAV,LU0625738058,102.28,1438732800
NAV,LU0625738058,101.93,1438646400
NAV,LU0625738058,102.53,1438560000
NAV,LU0625738058,103.25,1438300800
NAV,LU0625738058,103.67,1438214400
NAV,LU0625738058,102.08,1438128000
NAV,LU0625738058,101.54,1438041600
NAV,LU0625738058,107.38,1437955200
NAV,LU0625738058,108.61,1437696000
NAV,LU0625738058,108.76,1437609600
NAV,LU0625738058,109.73,1437523200
NAV,LU0625738058,109.25,1437436800
NAV,LU0625738058,109.59,1437350400
NAV,LU0625738058,107.69,1437091200
NAV,LU0625738058,106.39,1437004800
NAV,LU0625738058,107.29,1436918400
NAV,LU0625738058,108.11,1436832000
NAV,LU0625738058,105.17,1436745600
NAV,LU0625738058,102.95,1436486400
NAV,LU0625738058,97.47,1436400000
NAV,LU0625738058,106.29,1436313600
NAV,LU0625738058,108.31,1436227200
NAV,LU0625738058,111.72,1436140800
NAV,LU0625738058,113.53,1435881600
NAV,LU0625738058,114.07,1435708800
NAV,LU0625738058,111.75,1435622400
NAV,LU0625738058,115.99,1435536000
NAV,LU0625738058,117.32,1435276800
NAV,LU0625738058,118.66,1435190400
NAV,LU0625738058,117.79,1435104000
NAV,LU0625738058,113.28,1434931200
NAV,LU0625738058,112.16,1434672000
NAV,LU0625738058,114.60,1434585600
NAV,LU0625738058,113.35,1434499200
NAV,LU0625738058,116.64,1434412800
NAV,LU0625738058,118.92,1434326400
NAV,LU0625738058,117.17,1434067200
NAV,LU0625738058,114.65,1433980800
NAV,LU0625738058,116.80,1433894400
NAV,LU0625738058,119.60,1433808000
NAV,LU0625738058,121.11,1433721600
NAV,LU0625738058,120.57,1433462400
NAV,LU0625738058,119.89,1433376000
NAV,LU0625738058,122.48,1433289600
NAV,LU0625738058,126.26,1433203200
NAV,LU0625738058,123.05,1433116800
NAV,LU0625738058,125.23,1432857600
NAV,LU0625738058,128.26,1432771200
NAV,LU0625738058,129.75,1432684800
NAV,LU0625738058,126.09,1432598400
NAV,LU0625738058,122.91,1432252800
NAV,LU0625738058,122.99,1432166400
NAV,LU0625738058,123.60,1432080000
NAV,LU0625738058,120.70,1431993600
NAV,LU0625738058,120.71,1431907200
NAV,LU0625738058,119.70,1431648000
NAV,LU0625738058,120.75,1431475200
NAV,LU0625738058,124.37,1431388800
NAV,LU0625738058,121.28,1431302400
NAV,LU0625738058,118.63,1431043200
NAV,LU0625738058,121.13,1430956800
NAV,LU0625738058,123.12,1430870400
NAV,LU0625738058,125.70,1430784000
NAV,LU0625738058,126.08,1430438400
NAV,LU0625738058,128.18,1430352000
NAV,LU0625738058,130.96,1430265600
NAV,LU0625738058,132.40,1430179200
NAV,LU0625738058,130.82,1430092800
NAV,LU0625738058,131.52,1429833600
NAV,LU0625738058,133.13,1429747200
NAV,LU0625738058,131.19,1429660800
NAV,LU0625738058,127.20,1429574400
NAV,LU0625738058,130.53,1429488000
NAV,LU0625738058,131.95,1429228800
NAV,LU0625738058,131.37,1429142400
NAV,LU0625738058,129.39,1429056000
NAV,LU0625738058,133.36,1428969600
NAV,LU0625738058,128.92,1428883200
NAV,LU0625738058,126.69,1428624000
NAV,LU0625738058,122.22,1428537600
NAV,LU0625738058,114.06,1427932800
NAV,LU0625738058,111.86,1427846400
NAV,LU0625738058,111.15,1427760000
NAV,LU0625738058,107.64,1427673600
NAV,LU0625738058,107.29,1427414400
NAV,LU0625738058,107.02,1427328000
NAV,LU0625738058,107.87,1427241600
NAV,LU0625738058,108.42,1427155200
NAV,LU0625738058,109.17,1427068800
NAV,LU0625738058,110.28,1426809600
NAV,LU0625738058,109.74,1426723200
NAV,LU0625738058,108.03,1426636800
NAV,LU0625738058,108.20,1426550400
NAV,LU0625738058,108.62,1426464000
NAV,LU0625738058,107.02,1426204800
NAV,LU0625738058,105.77,1426118400
NAV,LU0625738058,105.32,1426032000
NAV,LU0625738058,105.40,1425945600
NAV,LU0625738058,105.18,1425859200
NAV,LU0625738058,103.60,1425600000
NAV,LU0625738058,104.50,1425513600
NAV,LU0625738058,104.52,1425427200
NAV,LU0625738058,106.03,1425340800
NAV,LU0625738058,104.68,1425254400
NAV,LU0625738058,105.13,1424995200
NAV,LU0625738058,102.75,1424908800
NAV,LU0625738058,103.57,1424822400
NAV,LU0625738058,103.26,1424736000
NAV,LU0625738058,101.77,1424217600
NAV,LU0625738058,101.42,1424131200
NAV,LU0625738058,101.44,1424044800
NAV,LU0625738058,100.59,1423785600
NAV,LU0625738058,100.10,1423699200
NAV,LU0625738058,100.48,1423612800
NAV,LU0625738058,100.92,1423526400
NAV,LU0625738058,100.80,1423440000
NAV,LU0625738058,100.84,1423180800
NAV,LU0625738058,101.26,1423094400
NAV,LU0625738058,100.64,1423008000
NAV,LU0625738058,99.78,1422921600
NAV,LU0625738058,101.56,1422835200
NAV,LU0625738058,101.61,1422576000
NAV,LU0625738058,102.07,1422489600
NAV,LU0625738058,102.43,1422403200
NAV,LU0625738058,104.86,1422316800
NAV,LU0625738058,104.11,1422230400
NAV,LU0625738058,102.05,1421971200
NAV,LU0625738058,100.22,1421884800
NAV,LU0625738058,97.90,1421798400
NAV,LU0625738058,95.85,1421712000
NAV,LU0625738058,99.98,1421625600
NAV,LU0625738058,100.30,1421366400
NAV,LU0625738058,97.58,1421280000
NAV,LU0625738058,98.12,1421193600
NAV,LU0625738058,96.48,1421107200
NAV,LU0625738058,97.64,1421020800
NAV,LU0625738058,97.41,1420761600
NAV,LU0625738058,95.80,1420675200
NAV,LU0625738058,94.94,1420588800
NAV,LU0625738058,95.48,1420502400
NAV,LU0625738058,94.51,1420416000
NAV,LU0625738058,92.28,1420156800
NAV,LU0625738058,90.96,1419984000
NAV,LU0625738058,92.06,1419897600
NAV,LU0625738058,89.48,1419379200
NAV,LU0625738058,90.14,1419292800
NAV,LU0625738058,88.56,1419206400
NAV,LU0625738058,87.11,1418947200
NAV,LU0625738058,85.59,1418860800
NAV,LU0625738058,84.45,1418774400
NAV,LU0625738058,86.76,1418688000
NAV,LU0625738058,87.09,1418601600
NAV,LU0625738058,87.02,1418342400
NAV,LU0625738058,88.35,1418256000
NAV,LU0625738058,87.50,1418169600
NAV,LU0625738058,91.93,1418083200
NAV,LU0625738058,91.10,1417996800
NAV,LU0625738058,89.53,1417737600
NAV,LU0625738058,87.47,1417651200
NAV,LU0625738058,88.41,1417564800
NAV,LU0625738058,85.76,1417478400
NAV,LU0625738058,89.01,1417392000
NAV,LU0625738058,87.87,1417132800
NAV,LU0625738058,88.24,1417046400
NAV,LU0625738058,86.92,1416960000
NAV,LU0625738058,87.58,1416873600
NAV,LU0625738058,85.90,1416787200
NAV,LU0625738058,84.62,1416528000
NAV,LU0625738058,84.54,1416441600
NAV,LU0625738058,84.47,1416355200
NAV,LU0625738058,86.18,1416268800
NAV,LU0625738058,87.10,1416182400
NAV,LU0625738058,87.56,1415923200
NAV,LU0625738058,87.18,1415836800
NAV,LU0625738058,86.39,1415750400
NAV,LU0625738058,86.86,1415664000
NAV,LU0625738058,86.52,1415577600
NAV,LU0625738058,86.83,1415318400
NAV,LU0625738058,85.96,1415232000
NAV,LU0625738058,86.73,1415145600
NAV,LU0625738058,87.19,1415059200
NAV,LU0625738058,87.24,1414972800
NAV,LU0625738058,85.08,1414713600
NAV,LU0625738058,84.59,1414627200
NAV,LU0625738058,83.38,1414540800
NAV,LU0625738058,82.36,1414454400
NAV,LU0625738058,83.04,1414368000
NAV,LU0625738058,83.61,1414108800
NAV,LU0625738058,83.84,1414022400
NAV,LU0625738058,81.61,1413936000
NAV,LU0625738058,81.47,1413849600
NAV,LU0625738058,81.01,1413763200
NAV,LU0625738058,81.24,1413504000
NAV,LU0625738058,82.23,1413417600
NAV,LU0625738058,81.98,1413331200
NAV,LU0625738058,82.20,1413244800
NAV,LU0625738058,83.56,1413158400
NAV,LU0625738058,83.99,1412899200
NAV,LU0625738058,83.28,1412812800
NAV,LU0625738058,85.03,1412726400
NAV,LU0625738058,84.24,1412640000
NAV,LU0625738058,83.75,1412553600
NAV,LU0625738058,83.04,1412121600
NAV,LU0625738058,83.76,1412035200
NAV,LU0625738058,84.20,1411948800
NAV,LU0625738058,85.21,1411689600
NAV,LU0625738058,85.32,1411603200
NAV,LU0625738058,83.48,1411516800
NAV,LU0625738058,84.91,1411430400
NAV,LU0625738058,86.20,1411344000
NAV,LU0625738058,85.13,1411084800
NAV,LU0625738058,85.30,1410998400
NAV,LU0625738058,84.88,1410912000
NAV,LU0625738058,86.08,1410825600
NAV,LU0625738058,87.05,1410739200
NAV,LU0625738058,87.23,1410480000
NAV,LU0625738058,87.66,1410393600
NAV,LU0625738058,88.77,1410220800
NAV,LU0625738058,89.22,1410134400
NAV,LU0625738058,89.32,1409875200
NAV,LU0625738058,87.17,1409788800
NAV,LU0625738058,84.98,1409702400
NAV,LU0625738058,85.39,1409616000
NAV,LU0625738058,84.34,1409529600
NAV,LU0625738058,84.02,1409270400
NAV,LU0625738058,85.50,1409184000
NAV,LU0625738058,85.82,1409097600
NAV,LU0625738058,85.23,1409011200
NAV,LU0625738058,85.04,1408924800
NAV,LU0625738058,85.06,1408665600
NAV,LU0625738058,85.66,1408579200
NAV,LU0625738058,85.56,1408492800
NAV,LU0625738058,84.63,1408406400
NAV,LU0625738058,84.79,1408320000
NAV,LU0625738058,84.18,1407974400
NAV,LU0625738058,84.33,1407888000
NAV,LU0625738058,83.80,1407801600
NAV,LU0625738058,82.39,1407715200
NAV,LU0625738058,82.91,1407456000
NAV,LU0625738058,83.66,1407369600
NAV,LU0625738058,83.71,1407283200
NAV,LU0625738058,83.38,1407196800
NAV,LU0625738058,82.56,1407110400
NAV,LU0625738058,83.71,1406851200
NAV,LU0625738058,83.71,1406764800
NAV,LU0625738058,83.60,1406678400
NAV,LU0625738058,83.05,1406592000
NAV,LU0625738058,82.36,1406505600
NAV,LU0625738058,81.97,1406246400
NAV,LU0625738058,81.32,1406160000
NAV,LU0625738058,80.26,1406073600
NAV,LU0625738058,78.07,1405987200
NAV,LU0625738058,78.93,1405900800
NAV,LU0625738058,79.12,1405641600
NAV,LU0625738058,78.72,1405555200
NAV,LU0625738058,78.74,1405468800
NAV,LU0625738058,77.13,1405382400
NAV,LU0625738058,77.45,1405296000
NAV,LU0625738058,77.19,1405036800
NAV,LU0625738058,76.23,1404950400
NAV,LU0625738058,77.58,1404864000
NAV,LU0625738058,78.32,1404777600
NAV,LU0625738058,78.22,1404691200
NAV,LU0625738058,77.63,1404432000
NAV,LU0625738058,77.24,1404345600
NAV,LU0625738058,75.54,1404259200
NAV,LU0625738058,75.77,1404172800
NAV,LU0625738058,75.53,1404086400
NAV,LU0625738058,75.90,1403827200
NAV,LU0625738058,74.46,1403740800
NAV,LU0625738058,74.25,1403654400
NAV,LU0625738058,74.71,1403568000
NAV,LU0625738058,75.25,1403222400
NAV,LU0625738058,76.08,1403136000
NAV,LU0625738058,75.58,1403049600
NAV,LU0625738058,76.19,1402963200
NAV,LU0625738058,76.72,1402876800
NAV,LU0625738058,75.79,1402617600
NAV,LU0625738058,75.95,1402531200
NAV,LU0625738058,75.52,1402444800
NAV,LU0625738058,74.74,1402358400
NAV,LU0625738058,74.62,1402012800
NAV,LU0625738058,74.46,1401926400
NAV,LU0625738058,74.24,1401840000
NAV,LU0625738058,73.01,1401667200
NAV,LU0625738058,73.48,1401408000
NAV,LU0625738058,73.36,1401235200
NAV,LU0625738058,73.65,1401148800
NAV,LU0625738058,73.41,1401062400
NAV,LU0625738058,73.42,1400803200
NAV,LU0625738058,72.21,1400716800
NAV,LU0625738058,71.55,1400630400
NAV,LU0625738058,71.27,1400544000
NAV,LU0625738058,71.71,1400457600
NAV,LU0625738058,71.95,1400198400
NAV,LU0625738058,71.01,1400112000
NAV,LU0625738058,70.78,1400025600
NAV,LU0625738058,69.46,1399939200
NAV,LU0625738058,68.70,1399852800
NAV,LU0625738058,68.07,1399593600
NAV,LU0625738058,68.06,1399507200
NAV,LU0625738058,69.18,1399334400
NAV,LU0625738058,69.67,1399248000
NAV,LU0625738058,69.11,1398988800
NAV,LU0625738058,69.39,1398902400
NAV,LU0625738058,70.10,1398816000
NAV,LU0625738058,69.12,1398729600
NAV,LU0625738058,70.01,1398643200
NAV,LU0625738058,71.10,1398384000
NAV,LU0625738058,70.89,1398297600
NAV,LU0625738058,71.74,1398211200
NAV,LU0625738058,71.64,1398124800
NAV,LU0625738058,71.31,1397692800
NAV,LU0625738058,71.50,1397606400
NAV,LU0625738058,72.95,1397520000
NAV,LU0625738058,71.83,1397433600
NAV,LU0625738058,73.21,1397174400
NAV,LU0625738058,72.94,1397088000
NAV,LU0625738058,71.96,1397001600
NAV,LU0625738058,71.24,1396915200
NAV,LU0625738058,71.91,1396828800
NAV,LU0625738058,72.26,1396569600
NAV,LU0625738058,72.13,1396483200
NAV,LU0625738058,72.08,1396396800
NAV,LU0625738058,71.23,1396310400
NAV,LU0625738058,71.11,1396224000
NAV,LU0625738058,69.40,1395964800
NAV,LU0625738058,69.84,1395878400
NAV,LU0625738058,68.76,1395792000
NAV,LU0625738058,70.04,1395705600
NAV,LU0625738058,68.49,1395619200
NAV,LU0625738058,67.40,1395360000
NAV,LU0625738058,67.66,1395273600
NAV,LU0625738058,67.94,1395187200
NAV,LU0625738058,66.59,1395100800
NAV,LU0625738058,67.23,1395014400
NAV,LU0625738058,68.24,1394755200
NAV,LU0625738058,68.78,1394668800
NAV,LU0625738058,69.87,1394582400
NAV,LU0625738058,69.79,1394496000
NAV,LU0625738058,71.31,1394409600
NAV,LU0625738058,71.49,1394150400
NAV,LU0625738058,71.52,1394064000
NAV,LU0625738058,71.58,1393977600
NAV,LU0625738058,71.86,1393891200
NAV,LU0625738058,72.64,1393804800
NAV,LU0625738058,73.34,1393545600
NAV,LU0625738058,72.17,1393459200
NAV,LU0625738058,71.16,1393372800
NAV,LU0625738058,71.26,1393286400
NAV,LU0625738058,72.35,1393200000
NAV,LU0625738058,71.64,1392940800
NAV,LU0625738058,72.72,1392854400
NAV,LU0625738058,72.28,1392768000
NAV,LU0625738058,73.18,1392681600
NAV,LU0625738058,72.44,1392595200
NAV,LU0625738058,72.09,1392336000
NAV,LU0625738058,72.29,1392249600
NAV,LU0625738058,71.38,1392163200
NAV,LU0625738058,69.84,1392076800
NAV,LU0625738058,70.40,1391990400
NAV,LU0625738058,69.02,1391731200
NAV,LU0625738058,69.58,1391644800
NAV,LU0625738058,69.12,1391558400
NAV,LU0625738058,72.08,1391472000
NAV,LU0625738058,72.25,1391385600
NAV,LU0625738058,71.84,1391126400
NAV,LU0625738058,71.74,1391040000
NAV,LU0625738058,69.96,1390953600
NAV,LU0625738058,70.25,1390867200
NAV,LU0625738058,72.30,1390780800
NAV,LU0625738058,73.48,1390521600
NAV,LU0625738058,75.21,1390435200
NAV,LU0625738058,74.35,1390348800
NAV,LU0625738058,73.65,1390262400
NAV,LU0625738058,74.56,1390176000
NAV,LU0625738058,74.49,1389916800
NAV,LU0625738058,74.52,1389830400
NAV,LU0625738058,72.85,1389744000
NAV,LU0625738058,73.79,1389657600
NAV,LU0625738058,73.77,1389571200
NAV,LU0625738058,73.35,1389312000
NAV,LU0625738058,74.96,1389225600
NAV,LU0625738058,73.30,1389139200
NAV,LU0625738058,74.19,1389052800
NAV,LU0625738058,75.23,1388966400
NAV,LU0625738058,75.93,1388707200
NAV,LU0625738058,75.86,1388620800
NAV,LU0625738058,75.34,1388448000
NAV,LU0625738058,76.02,1388361600
NAV,LU0625738058,75.88,1388102400
NAV,LU0625738058,74.48,1387843200
NAV,LU0625738058,75.13,1387756800
NAV,LU0625738058,75.89,1387497600
NAV,LU0625738058,76.24,1387411200
NAV,LU0625738058,75.38,1387324800
NAV,LU0625738058,76.28,1387238400
NAV,LU0625738058,76.23,1387152000
NAV,LU0625738058,75.94,1386892800
NAV,LU0625738058,76.96,1386806400
NAV,LU0625738058,77.93,1386720000
NAV,LU0625738058,79.24,1386633600
NAV,LU0625738058,78.89,1386547200
NAV,LU0625738058,78.97,1386288000
NAV,LU0625738058,79.73,1386201600
NAV,LU0625738058,79.96,1386115200
NAV,LU0625738058,80.72,1386028800
NAV,LU0625738058,79.57,1385942400
NAV,LU0625738058,79.32,1385683200
NAV,LU0625738058,79.41,1385596800
NAV,LU0625738058,78.94,1385510400
NAV,LU0625738058,79.18,1385424000
NAV,LU0625738058,78.62,1385337600
NAV,LU0625738058,79.38,1385078400
NAV,LU0625738058,79.58,1384992000
NAV,LU0625738058,79.01,1384905600
NAV,LU0625738058,79.38,1384819200
NAV,LU0625738058,76.26,1384732800
NAV,LU0625738058,74.30,1384473600
NAV,LU0625738058,74.41,1384387200
NAV,LU0625738058,75.62,1384300800
NAV,LU0625738058,75.65,1384214400
NAV,LU0625738058,75.37,1384128000
NAV,LU0625738058,75.49,1383868800
NAV,LU0625738058,75.71,1383782400
NAV,LU0625738058,75.71,1383696000
NAV,LU0625738058,76.36,1383609600
NAV,LU0625738058,76.71,1383523200
NAV,LU0625738058,76.34,1383264000
NAV,LU0625738058,74.69,1383177600
NAV,LU0625738058,73.13,1383091200
NAV,LU0625738058,73.37,1383004800
NAV,LU0625738058,72.57,1382918400
NAV,LU0625738058,72.71,1382659200
NAV,LU0625738058,74.23,1382572800
NAV,LU0625738058,75.77,1382486400
NAV,LU0625738058,76.47,1382400000
NAV,LU0625738058,76.16,1382313600
NAV,LU0625738058,75.76,1382054400
NAV,LU0625738058,76.77,1381968000
NAV,LU0625738058,76.58,1381881600
NAV,LU0625738058,76.12,1381795200
NAV,LU0625738058,75.80,1381708800
NAV,LU0625738058,75.21,1381449600
NAV,LU0625738058,76.05,1381363200
NAV,LU0625738058,76.00,1381276800
NAV,LU0625738058,74.72,1381190400
NAV,LU0625738058,75.09,1381104000
NAV,LU0625738058,75.00,1380844800
NAV,LU0625738058,74.16,1380758400
NAV,LU0625738058,74.63,1380672000
NAV,LU0625738058,74.85,1380585600
NAV,LU0625738058,75.97,1380499200
NAV,LU0625738058,75.42,1380240000
NAV,LU0625738058,76.25,1380153600
NAV,LU0625738058,75.67,1380067200
NAV,LU0625738058,77.26,1379980800
NAV,LU0625738058,76.80,1379894400
NAV,LU0625738058,76.17,1379635200
NAV,LU0625738058,76.35,1379548800
NAV,LU0625738058,77.47,1379462400
NAV,LU0625738058,77.54,1379376000
NAV,LU0625738058,77.33,1379289600
NAV,LU0625738058,77.45,1379030400
NAV,LU0625738058,77.52,1378944000
NAV,LU0625738058,77.59,1378857600
NAV,LU0625738058,76.48,1378771200
NAV,LU0625738058,75.93,1378684800
NAV,LU0625738058,76.10,1378425600
NAV,LU0625738058,74.78,1378339200
NAV,LU0625738058,75.23,1378252800
NAV,LU0625738058,73.67,1378166400
NAV,LU0625738058,73.05,1378080000
NAV,LU0625738058,72.25,1377820800
NAV,LU0625738058,71.02,1377734400
NAV,LU0625738058,72.34,1377648000
NAV,LU0625738058,72.05,1377561600
NAV,LU0625738058,71.31,1377475200
NAV,LU0625738058,72.49,1377216000
NAV,LU0625738058,71.53,1377129600
NAV,LU0625738058,71.48,1377043200
NAV,LU0625738058,73.92,1376956800
NAV,LU0625738058,73.31,1376870400
NAV,LU0625738058,74.54,1376611200
NAV,LU0625738058,74.32,1376438400
NAV,LU0625738058,72.68,1376352000
NAV,LU0625738058,70.51,1376265600
NAV,LU0625738058,69.59,1376006400
NAV,LU0625738058,69.68,1375920000
NAV,LU0625738058,71.02,1375833600
NAV,LU0625738058,71.77,1375747200
NAV,LU0625738058,71.41,1375660800
NAV,LU0625738058,71.44,1375401600
NAV,LU0625738058,70.84,1375315200
NAV,LU0625738058,70.52,1375228800
NAV,LU0625738058,70.19,1375142400
NAV,LU0625738058,71.53,1375056000
NAV,LU0625738058,71.23,1374796800
NAV,LU0625738058,71.20,1374710400
NAV,LU0625738058,70.86,1374624000
NAV,LU0625738058,69.51,1374537600
NAV,LU0625738058,69.65,1374451200
NAV,LU0625738058,69.71,1374192000
NAV,LU0625738058,70.13,1374105600
NAV,LU0625738058,69.99,1374019200
NAV,LU0625738058,70.13,1373932800
NAV,LU0625738058,69.36,1373846400
NAV,LU0625738058,70.24,1373587200
NAV,LU0625738058,69.07,1373500800
NAV,LU0625738058,68.31,1373414400
NAV,LU0625738058,68.28,1373328000
NAV,LU0625738058,68.98,1373241600
NAV,LU0625738058,67.49,1372982400
NAV,LU0625738058,66.54,1372896000
NAV,LU0625738058,67.80,1372809600
NAV,LU0625738058,69.11,1372723200
NAV,LU0625738058,68.88,1372636800
NAV,LU0625738058,67.64,1372377600
NAV,LU0625738058,67.39,1372291200
NAV,LU0625738058,64.59,1372204800
NAV,LU0625738058,64.87,1372118400
NAV,LU0625738058,66.85,1372032000
NAV,LU0625738058,66.90,1371772800
NAV,LU0625738058,67.81,1371686400
NAV,LU0625738058,68.74,1371600000
NAV,LU0625738058,68.37,1371513600
NAV,LU0625738058,68.16,1371427200
NAV,LU0625738058,67.48,1371168000
NAV,LU0625738058,69.35,1371081600
NAV,LU0625738058,69.68,1370995200
NAV,LU0625738058,71.14,1370908800
NAV,LU0625738058,71.37,1370822400
NAV,LU0625738058,71.73,1370563200
NAV,LU0625738058,73.18,1370476800
NAV,LU0625738058,73.21,1370390400
NAV,LU0625738058,73.44,1370304000
NAV,LU0625738058,75.08,1370217600
NAV,LU0625738058,74.17,1369958400
NAV,LU0625738058,75.52,1369872000
NAV,LU0625738058,76.31,1369785600
NAV,LU0625738058,74.61,1369699200
NAV,LU0625738058,74.96,1369612800
NAV,LU0625738058,75.49,1369353600
NAV,LU0625738058,76.75,1369267200
NAV,LU0625738058,77.59,1369180800
NAV,LU0625738058,78.22,1369094400
NAV,LU0625738058,76.21,1368748800
NAV,LU0625738058,77.10,1368662400
NAV,LU0625738058,76.20,1368576000
NAV,LU0625738058,75.86,1368489600
NAV,LU0625738058,77.71,1368403200
NAV,LU0625738058,76.16,1368144000
NAV,LU0625738058,75.54,1367971200
NAV,LU0625738058,75.58,1367884800
NAV,LU0625738058,73.99,1367798400
NAV,LU0625738058,74.05,1367539200
NAV,LU0625738058,74.18,1367452800
NAV,LU0625738058,73.78,1367366400
NAV,LU0625738058,74.18,1367280000
NAV,LU0625738058,74.39,1367193600
NAV,LU0625738058,74.51,1366934400
NAV,LU0625738058,73.87,1366848000
NAV,LU0625738058,71.74,1366761600
NAV,LU0625738058,72.76,1366675200
NAV,LU0625738058,72.27,1366588800
NAV,LU0625738058,71.03,1366329600
NAV,LU0625738058,71.45,1366243200
NAV,LU0625738058,71.22,1366156800
NAV,LU0625738058,71.14,1366070400
NAV,LU0625738058,73.17,1365984000
NAV,LU0625738058,72.50,1365724800
NAV,LU0625738058,73.08,1365638400
NAV,LU0625738058,72.23,1365552000
NAV,LU0625738058,72.03,1365465600
NAV,LU0625738058,71.88,1365379200
NAV,LU0625738058,74.65,1365120000
NAV,LU0625738058,75.00,1365033600
NAV,LU0625738058,74.58,1364947200
NAV,LU0625738058,75.36,1364860800
NAV,LU0625738058,75.41,1364774400
NAV,LU0625738058,76.98,1364428800
NAV,LU0625738058,75.90,1364342400
NAV,LU0625738058,75.81,1364256000
NAV,LU0625738058,74.66,1364169600
NAV,LU0625738058,75.39,1363910400
NAV,LU0625738058,75.19,1363824000
NAV,LU0625738058,74.41,1363737600
NAV,LU0625738058,74.33,1363651200
NAV,LU0625738058,75.14,1363564800
NAV,LU0625738058,76.28,1363305600
NAV,LU0625738058,75.83,1363219200
NAV,LU0625738058,76.92,1363132800
NAV,LU0625738058,78.19,1363046400
NAV,LU0625738058,78.14,1362960000
NAV,LU0625738058,77.24,1362700800
NAV,LU0625738058,77.67,1362614400
NAV,LU0625738058,76.77,1362528000
NAV,LU0625738058,76.47,1362441600
NAV,LU0625738058,77.32,1362355200
NAV,LU0625738058,77.67,1362096000
NAV,LU0625738058,75.25,1362009600
NAV,LU0625738058,75.99,1361923200
NAV,LU0625738058,76.14,1361836800
NAV,LU0625738058,76.71,1361750400
NAV,LU0625738058,77.02,1361491200
NAV,LU0625738058,77.38,1361404800
NAV,LU0625738058,76.74,1361318400
NAV,LU0625738058,77.51,1361232000
NAV,LU0625738058,77.98,1361145600
NAV,LU0625738058,78.54,1360886400
NAV,LU0625738058,76.79,1360800000
NAV,LU0625738058,76.64,1360713600
NAV,LU0625738058,77.12,1360627200
NAV,LU0625738058,77.13,1360540800
NAV,LU0625738058,76.63,1360281600
NAV,LU0625738058,77.23,1360195200
NAV,LU0625738058,77.05,1360108800
NAV,LU0625738058,78.45,1360022400
NAV,LU0625738058,77.71,1359936000
NAV,LU0625738058,78.22,1359676800
NAV,LU0625738058,78.67,1359590400
NAV,LU0625738058,78.59,1359504000
NAV,LU0625738058,77.74,1359417600
NAV,LU0625738058,78.03,1359331200
NAV,LU0625738058,79.24,1359072000
NAV,LU0625738058,80.41,1358985600
NAV,LU0625738058,80.57,1358899200
NAV,LU0625738058,80.08,1358812800
NAV,LU0625738058,80.15,1358726400
NAV,LU0625738058,78.48,1358467200
NAV,LU0625738058,79.25,1358380800
NAV,LU0625738058,79.32,1358294400
NAV,LU0625738058,79.28,1358208000
NAV,LU0625738058,77.82,1358121600
NAV,LU0625738058,79.99,1357862400
NAV,LU0625738058,80.51,1357776000
NAV,LU0625738058,79.90,1357689600
NAV,LU0625738058,80.91,1357603200
NAV,LU0625738058,81.28,1357516800
NAV,LU0625738058,81.13,1357257600
NAV,LU0625738058,79.52,1357171200
NAV,LU0625738058,77.36,1357084800
NAV,LU0625738058,76.94,1356912000
NAV,LU0625738058,76.60,1356652800
NAV,LU0625738058,76.40,1356566400
NAV,LU0625738058,76.41,1356307200
NAV,LU0625738058,76.72,1356048000
NAV,LU0625738058,76.64,1355961600
NAV,LU0625738058,76.32,1355875200
NAV,LU0625738058,76.49,1355788800
NAV,LU0625738058,76.73,1355702400
NAV,LU0625738058,76.55,1355443200
NAV,LU0625738058,76.39,1355356800
NAV,LU0625738058,76.51,1355270400
NAV,LU0625738058,77.02,1355184000
NAV,LU0625738058,76.48,1355097600
NAV,LU0625738058,75.66,1354838400
NAV,LU0625738058,75.15,1354752000
NAV,LU0625738058,73.59,1354665600
NAV,LU0625738058,73.40,1354579200
NAV,LU0625738058,74.86,1354492800
NAV,LU0625738058,74.38,1354233600
NAV,LU0625738058,74.02,1354147200
NAV,LU0625738058,74.45,1354060800
NAV,LU0625738058,73.73,1353974400
NAV,LU0625738058,74.40,1353888000
NAV,LU0625738058,74.45,1353628800
NAV,LU0625738058,73.84,1353542400
NAV,LU0625738058,73.16,1353456000
NAV,LU0625738058,72.98,1353369600
NAV,LU0625738058,73.61,1353283200
NAV,LU0625738058,72.87,1353024000
NAV,LU0625738058,73.94,1352937600
NAV,LU0625738058,73.50,1352851200
NAV,LU0625738058,74.57,1352764800
NAV,LU0625738058,74.86,1352678400
NAV,LU0625738058,75.27,1352419200
NAV,LU0625738058,76.97,1352332800
NAV,LU0625738058,75.80,1352246400
NAV,LU0625738058,76.33,1352160000
NAV,LU0625738058,76.29,1352073600
NAV,LU0625738058,74.55,1351814400
NAV,LU0625738058,73.78,1351728000
NAV,LU0625738058,72.51,1351641600
NAV,LU0625738058,73.54,1351555200
NAV,LU0625738058,72.65,1351468800
NAV,LU0625738058,73.85,1351209600
NAV,LU0625738058,73.91,1351123200
NAV,LU0625738058,73.57,1350950400
NAV,LU0625738058,72.59,1350864000
NAV,LU0625738058,72.72,1350604800
NAV,LU0625738058,71.07,1350518400
NAV,LU0625738058,71.65,1350432000
NAV,LU0625738058,71.71,1350345600
NAV,LU0625738058,71.57,1350259200
NAV,LU0625738058,71.11,1350000000
NAV,LU0625738058,70.45,1349913600
NAV,LU0625738058,70.24,1349827200
NAV,LU0625738058,69.40,1349740800
NAV,LU0625738058,70.06,1349654400
NAV,LU0625738058,69.48,1349395200
NAV,LU0625738058,69.93,1349308800
NAV,LU0625738058,70.37,1349049600
NAV,LU0625738058,69.95,1348790400
NAV,LU0625738058,69.17,1348704000
NAV,LU0625738058,68.98,1348617600
NAV,LU0625738058,69.28,1348531200
NAV,LU0625738058,69.28,1348444800
NAV,LU0625738058,68.82,1348185600
NAV,LU0625738058,68.94,1348099200
NAV,LU0625738058,68.34,1348012800
NAV,LU0625738058,68.13,1347926400
NAV,LU0625738058,68.51,1347840000
NAV,LU0625738058,67.41,1347580800
NAV,LU0625738058,67.57,1347494400
NAV,LU0625738058,67.11,1347408000
NAV,LU0625738058,67.71,1347321600
NAV,LU0625738058,67.46,1347235200
NAV,LU0625738058,66.28,1346976000
NAV,LU0625738058,65.93,1346889600
NAV,LU0625738058,66.76,1346803200
NAV,LU0625738058,67.18,1346716800
NAV,LU0625738058,67.48,1346630400
NAV,LU0625738058,68.08,1346371200
NAV,LU0625738058,68.76,1346284800
NAV,LU0625738058,69.04,1346198400
NAV,LU0625738058,69.08,1346112000
NAV,LU0625738058,69.64,1346025600
NAV,LU0625738058,70.51,1345766400
NAV,LU0625738058,69.90,1345680000
NAV,LU0625738058,70.64,1345593600
NAV,LU0625738058,71.24,1345507200
NAV,LU0625738058,71.90,1345420800
NAV,LU0625738058,70.83,1345161600
NAV,LU0625738058,71.21,1345075200
NAV,LU0625738058,71.51,1344902400
NAV,LU0625738058,72.38,1344816000
NAV,LU0625738058,72.76,1344556800
NAV,LU0625738058,71.77,1344470400
NAV,LU0625738058,71.05,1344384000
NAV,LU0625738058,71.26,1344297600
NAV,LU0625738058,70.45,1344211200
NAV,LU0625738058,71.10,1343952000
NAV,LU0625738058,71.45,1343865600
NAV,LU0625738058,71.05,1343779200
NAV,LU0625738058,70.75,1343692800
NAV,LU0625738058,68.97,1343606400
NAV,LU0625738058,67.89,1343347200
NAV,LU0625738058,68.83,1343260800
NAV,LU0625738058,68.88,1343174400
NAV,LU0625738058,69.79,1343088000
NAV,LU0625738058,71.40,1343001600
NAV,LU0625738058,70.24,1342742400
NAV,LU0625738058,69.21,1342656000
NAV,LU0625738058,70.06,1342569600
NAV,LU0625738058,69.25,1342483200
NAV,LU0625738058,69.28,1342396800
NAV,LU0625738058,69.24,1342137600
NAV,LU0625738058,69.63,1342051200
NAV,LU0625738058,69.72,1341964800
NAV,LU0625738058,69.98,1341878400
NAV,LU0625738058,71.46,1341792000
NAV,LU0625738058,71.03,1341532800
NAV,LU0625738058,70.17,1341446400
NAV,LU0625738058,69.55,1341360000
NAV,LU0625738058,68.03,1341187200
NAV,LU0625738058,67.92,1340928000
NAV,LU0625738058,68.50,1340841600
NAV,LU0625738058,67.26,1340755200
NAV,LU0625738058,67.41,1340668800
NAV,LU0625738058,67.77,1340582400
NAV,LU0625738058,68.78,1340323200
NAV,LU0625738058,69.41,1340236800
NAV,LU0625738058,69.43,1340150400
NAV,LU0625738058,70.27,1340064000
NAV,LU0625738058,68.55,1339977600
NAV,LU0625738058,67.63,1339718400
NAV,LU0625738058,68.11,1339632000
NAV,LU0625738058,68.72,1339545600
NAV,LU0625738058,68.36,1339459200
NAV,LU0625738058,67.03,1339372800
NAV,LU0625738058,66.93,1339113600
NAV,LU0625738058,66.91,1339027200
NAV,LU0625738058,65.85,1338940800
NAV,LU0625738058,65.58,1338854400
NAV,LU0625738058,68.07,1338768000
NAV,LU0625738058,68.49,1338508800
NAV,LU0625738058,68.52,1338422400
NAV,LU0625738058,68.84,1338336000
NAV,LU0625738058,67.13,1338249600
NAV,LU0625738058,66.39,1337904000
NAV,LU0625738058,66.75,1337817600
NAV,LU0625738058,66.65,1337731200
NAV,LU0625738058,66.04,1337644800
NAV,LU0625738058,66.23,1337558400
NAV,LU0625738058,66.85,1337299200
NAV,LU0625738058,68.73,1337126400
NAV,LU0625738058,67.99,1337040000
NAV,LU0625738058,68.29,1336953600
NAV,LU0625738058,69.13,1336694400
NAV,LU0625738058,69.16,1336608000
NAV,LU0625738058,70.55,1336521600
NAV,LU0625738058,70.32,1336435200
NAV,LU0625738058,71.42,1336348800
NAV,LU0625738058,72.15,1336089600
NAV,LU0625738058,72.09,1336003200
NAV,LU0625738058,71.15,1335830400
NAV,LU0625738058,69.89,1335744000
NAV,LU0625738058,70.21,1335484800
NAV,LU0625738058,69.78,1335398400
NAV,LU0625738058,70.17,1335312000
NAV,LU0625738058,70.84,1335225600
NAV,LU0625738058,71.02,1335139200
NAV,LU0625738058,71.36,1334880000
NAV,LU0625738058,71.56,1334793600
NAV,LU0625738058,70.75,1334707200
NAV,LU0625738058,71.56,1334620800
NAV,LU0625738058,71.76,1334534400
NAV,LU0625738058,69.79,1334275200
NAV,LU0625738058,68.49,1334188800
NAV,LU0625738058,70.04,1334102400
NAV,LU0625738058,70.25,1334016000
NAV,LU0625738058,70.02,1333497600
NAV,LU0625738058,69.07,1333411200
NAV,LU0625738058,68.96,1333324800
NAV,LU0625738058,67.90,1333065600
NAV,LU0625738058,69.50,1332979200
NAV,LU0625738058,70.03,1332892800
NAV,LU0625738058,68.00,1332806400
NAV,LU0625738058,68.58,1332720000
NAV,LU0625738058,69.98,1332460800
NAV,LU0625738058,70.20,1332374400
NAV,LU0625738058,69.58,1332288000
NAV,LU0625738058,71.19,1332201600
NAV,LU0625738058,72.68,1332115200
NAV,LU0625738058,72.74,1331856000
NAV,LU0625738058,73.21,1331769600
NAV,LU0625738058,73.51,1331683200
NAV,LU0625738058,73.01,1331596800
NAV,LU0625738058,72.37,1331510400
NAV,LU0625738058,70.75,1331251200
NAV,LU0625738058,70.26,1331164800
NAV,LU0625738058,71.69,1331078400
NAV,LU0625738058,72.83,1330992000
NAV,LU0625738058,74.22,1330905600
NAV,LU0625738058,71.93,1330646400
NAV,LU0625738058,73.11,1330560000
NAV,LU0625738058,72.49,1330473600
NAV,LU0625738058,71.40,1330387200
NAV,LU0625738058,71.74,1330300800
NAV,LU0625738058,73.20,1330041600
NAV,LU0625738058,73.98,1329955200
NAV,LU0625738058,72.55,1329868800
NAV,LU0625738058,72.99,1329782400
NAV,LU0625738058,74.12,1329696000
NAV,LU0625738058,74.14,1329436800
NAV,LU0625738058,73.77,1329350400
NAV,LU0625738058,72.34,1329264000
NAV,LU0625738058,72.10,1329177600
NAV,LU0625738058,71.83,1329091200
NAV,LU0625738058,72.33,1328832000
NAV,LU0625738058,72.41,1328745600
NAV,LU0625738058,71.22,1328659200
NAV,LU0625738058,72.32,1328572800
NAV,LU0625738058,71.66,1328486400
NAV,LU0625738058,71.96,1328227200
NAV,LU0625738058,70.08,1328140800
NAV,LU0625738058,70.56,1328054400
NAV,LU0625738058,69.13,1327968000
NAV,LU0625738058,71.31,1327881600
NAV,LU0625738058,71.00,1327622400
NAV,LU0625738058,70.61,1327276800
NAV,LU0625738058,70.26,1327017600
NAV,LU0625738058,69.73,1326931200
NAV,LU0625738058,70.79,1326844800
NAV,LU0625738058,68.23,1326758400
NAV,LU0625738058,68.82,1326672000
NAV,LU0625738058,68.11,1326412800
NAV,LU0625738058,69.17,1326326400
NAV,LU0625738058,67.31,1326240000
NAV,LU0625738058,67.34,1326153600
NAV,LU0625738058,65.47,1326067200
NAV,LU0625738058,65.87,1325808000
NAV,LU0625738058,65.44,1325721600
NAV,LU0625738058,65.72,1325635200
NAV,LU0625738058,63.88,1325462400
NAV,LU0625738058,64.11,1325203200
NAV,LU0625738058,64.92,1325116800
NAV,LU0625738058,65.28,1324944000
NAV,LU0625738058,63.77,1324598400
NAV,LU0625738058,63.55,1324512000
NAV,LU0625738058,61.95,1324425600
NAV,LU0625738058,62.90,1324339200
NAV,LU0625738058,63.84,1324252800
NAV,LU0625738058,62.70,1323993600
NAV,LU0625738058,63.82,1323907200
NAV,LU0625738058,63.93,1323820800
NAV,LU0625738058,63.75,1323734400
NAV,LU0625738058,62.78,1323648000
NAV,LU0625738058,65.69,1323388800
NAV,LU0625738058,65.29,1323302400
NAV,LU0625738058,64.52,1323216000
NAV,LU0625738058,64.86,1323129600
NAV,LU0625738058,64.40,1323043200
NAV,LU0625738058,64.82,1322784000
NAV,LU0625738058,60.15,1322697600
NAV,LU0625738058,61.58,1322611200
NAV,LU0625738058,60.69,1322524800
NAV,LU0625738058,59.79,1322438400
NAV,LU0625738058,60.49,1322179200
NAV,LU0625738058,60.53,1322092800
NAV,LU0625738058,60.79,1322006400
NAV,LU0625738058,60.81,1321920000
NAV,LU0625738058,61.66,1321833600
NAV,LU0625738058,63.69,1321574400
NAV,LU0625738058,63.69,1321488000
NAV,LU0625738058,65.12,1321401600
NAV,LU0625738058,65.03,1321315200
NAV,LU0625738058,62.98,1321228800
NAV,LU0625738058,62.88,1320969600
NAV,LU0625738058,66.28,1320883200
NAV,LU0625738058,64.03,1320796800
NAV,LU0625738058,64.81,1320710400
NAV,LU0625738058,64.98,1320624000
NAV,LU0625738058,63.41,1320364800
NAV,LU0625738058,63.81,1320278400
NAV,LU0625738058,63.24,1320192000
NAV,LU0625738058,63.79,1320105600
NAV,LU0625738058,63.11,1320019200
NAV,LU0625738058,63.28,1319760000
NAV,LU0625738058,61.85,1319673600
NAV,LU0625738058,60.58,1319587200
NAV,LU0625738058,59.38,1319500800
NAV,LU0625738058,56.94,1319414400
NAV,LU0625738058,57.23,1319155200
NAV,LU0625738058,58.57,1319068800
NAV,LU0625738058,58.48,1318982400
NAV,LU0625738058,60.93,1318896000
NAV,LU0625738058,58.83,1318809600
NAV,LU0625738058,60.85,1318550400
NAV,LU0625738058,58.51,1318464000
NAV,LU0625738058,58.51,1318377600
NAV,LU0625738058,56.44,1318291200
NAV,LU0625738058,57.35,1318204800
NAV,LU0625738058,55.51,1317945600
NAV,LU0625738058,52.84,1317859200
NAV,LU0625738058,52.95,1317772800
NAV,LU0625738058,54.85,1317686400
NAV,LU0625738058,57.61,1317600000
NAV,LU0625738058,58.36,1317340800
NAV,LU0625738058,58.19,1317254400
NAV,LU0625738058,58.03,1317168000
NAV,LU0625738058,55.32,1317081600
NAV,LU0625738058,56.84,1316995200
NAV,LU0625738058,58.36,1316736000
NAV,LU0625738058,61.14,1316649600
NAV,LU0625738058,61.60,1316563200
NAV,LU0625738058,61.64,1316476800
NAV,LU0625738058,63.67,1316390400
NAV,LU0625738058,61.70,1316131200
NAV,LU0625738058,62.18,1316044800
NAV,LU0625738058,63.03,1315872000
NAV,LU0625738058,65.49,1315785600
NAV,LU0625738058,64.36,1315526400
NAV,LU0625738058,64.75,1315440000
NAV,LU0625738058,62.93,1315353600
NAV,LU0625738058,62.40,1315267200
NAV,LU0625738058,64.60,1315180800
NAV,LU0625738058,65.26,1314921600
NAV,LU0625738058,64.20,1314835200
NAV,LU0625738058,62.76,1314748800
NAV,LU0625738058,61.72,1314662400
NAV,LU0625738058,60.74,1314576000
NAV,LU0625738058,62.10,1314316800
NAV,LU0625738058,60.77,1314230400
NAV,LU0625738058,61.84,1314144000
NAV,LU0625738058,60.01,1314057600
NAV,LU0625738058,60.51,1313971200
NAV,LU0625738058,63.52,1313712000
NAV,LU0625738058,63.71,1313625600
NAV,LU0625738058,64.62,1313539200
NAV,LU0625738058,64.32,1313452800
NAV,LU0625738058,62.13,1313107200
NAV,LU0625738058,63.47,1313020800
NAV,LU0625738058,61.27,1312934400
NAV,LU0625738058,64.91,1312848000
NAV,LU0625738058,66.70,1312761600
NAV,LU0625738058,70.26,1312502400
NAV,LU0625738058,69.96,1312416000
NAV,LU0625738058,71.31,1312329600
NAV,LU0625738058,72.64,1312243200
NAV,LU0625738058,70.98,1312156800
NAV,LU0625738058,72.01,1311897600
NAV,LU0625738058,72.58,1311811200
NAV,LU0625738058,71.36,1311724800
NAV,LU0625738058,71.78,1311638400
NAV,LU0625738058,72.26,1311552000
NAV,LU0625738058,70.95,1311292800
NAV,LU0625738058,71.43,1311206400
NAV,LU0625738058,70.99,1311120000
NAV,LU0625738058,71.78,1311033600
NAV,LU0625738058,72.42,1310947200
NAV,LU0625738058,72.57,1310688000
NAV,LU0625738058,72.33,1310601600
NAV,LU0625738058,71.50,1310515200
